sample_id,form_type,nct_id,field_name,value_source,page,preprocessing,reference,raw_prediction,validated_prediction,raw_exact_match,exact_match,character_error_rate,character_accuracy,mean_ocr_confidence,latency_seconds
FDA_1572_NCT04470427,FDA_1572,NCT04470427,db_invest_name,controlled_synthetic_test_value,1,raw,"Maya Chen, MD","Maya Chen, MD","Maya Chen, MD",True,True,0.0,1.0,95.787,0.1361
FDA_1572_NCT04470427,FDA_1572,NCT04470427,db_invest_name,controlled_synthetic_test_value,1,adaptive,"Maya Chen, MD","Maya Chen, MD","Maya Chen, MD",True,True,0.0,1.0,95.303,0.102
FDA_1572_NCT04470427,FDA_1572,NCT04470427,db_inv_address1,controlled_synthetic_test_value,1,raw,350 Longwood Avenue,350 Longwood Avenue,350 Longwood Avenue,True,True,0.0,1.0,96.889,0.1212
FDA_1572_NCT04470427,FDA_1572,NCT04470427,db_inv_address1,controlled_synthetic_test_value,1,adaptive,350 Longwood Avenue,350 Longwood Avenue,350 Longwood Avenue,True,True,0.0,1.0,96.541,0.1045
FDA_1572_NCT04470427,FDA_1572,NCT04470427,db_inv_address2,controlled_synthetic_test_value,1,raw,Suite 410,Suite 410,Suite 410,True,True,0.0,1.0,96.353,0.1009
FDA_1572_NCT04470427,FDA_1572,NCT04470427,db_inv_address2,controlled_synthetic_test_value,1,adaptive,Suite 410,Suite 410,Suite 410,True,True,0.0,1.0,96.533,0.0922
FDA_1572_NCT04470427,FDA_1572,NCT04470427,db_inv_city,controlled_synthetic_test_value,1,raw,Boston,Boston,Boston,True,True,0.0,1.0,96.882,0.0929
FDA_1572_NCT04470427,FDA_1572,NCT04470427,db_inv_city,controlled_synthetic_test_value,1,adaptive,Boston,Boston,Boston,True,True,0.0,1.0,96.89,0.0861
FDA_1572_NCT04470427,FDA_1572,NCT04470427,db_inv_state,controlled_synthetic_test_value,1,raw,MA,MA,MA,True,True,0.0,1.0,96.354,0.0874
FDA_1572_NCT04470427,FDA_1572,NCT04470427,db_inv_state,controlled_synthetic_test_value,1,adaptive,MA,MA,MA,True,True,0.0,1.0,96.47,0.0838
FDA_1572_NCT04470427,FDA_1572,NCT04470427,db_inv_country,controlled_synthetic_test_value,1,raw,United States,United States,United States,True,True,0.0,1.0,96.583,0.0981
FDA_1572_NCT04470427,FDA_1572,NCT04470427,db_inv_country,controlled_synthetic_test_value,1,adaptive,United States,United States,United States,True,True,0.0,1.0,96.252,0.0927
FDA_1572_NCT04470427,FDA_1572,NCT04470427,db_inv_zip,controlled_synthetic_test_value,1,raw,02115,02115,02115,True,True,0.0,1.0,96.228,0.0909
FDA_1572_NCT04470427,FDA_1572,NCT04470427,db_inv_zip,controlled_synthetic_test_value,1,adaptive,02115,02115,02115,True,True,0.0,1.0,95.5,0.0849
FDA_1572_NCT04470427,FDA_1572,NCT04470427,db_loc_name,controlled_synthetic_test_value,1,raw,Cambridge Clinical Research Center,Cambridge Clinical Research Center .,Cambridge Clinical Research Center .,True,True,0.0,1.0,80.962,0.1354
FDA_1572_NCT04470427,FDA_1572,NCT04470427,db_loc_name,controlled_synthetic_test_value,1,adaptive,Cambridge Clinical Research Center,Cambridge Clinical Research Center .,Cambridge Clinical Research Center .,True,True,0.0,1.0,78.21,0.1134
FDA_1572_NCT04470427,FDA_1572,NCT04470427,db_loc_address1,controlled_synthetic_test_value,1,raw,100 Main Street,100 Main Street,100 Main Street,True,True,0.0,1.0,96.241,0.1058
FDA_1572_NCT04470427,FDA_1572,NCT04470427,db_loc_address1,controlled_synthetic_test_value,1,adaptive,100 Main Street,100 Main Street,100 Main Street,True,True,0.0,1.0,96.531,0.0954
FDA_1572_NCT04470427,FDA_1572,NCT04470427,db_loc_city,controlled_synthetic_test_value,1,raw,Cambridge,Cambridge,Cambridge,True,True,0.0,1.0,96.81,0.0938
FDA_1572_NCT04470427,FDA_1572,NCT04470427,db_loc_city,controlled_synthetic_test_value,1,adaptive,Cambridge,Cambridge,Cambridge,True,True,0.0,1.0,96.804,0.0866
FDA_1572_NCT04470427,FDA_1572,NCT04470427,db_loc_state,controlled_synthetic_test_value,1,raw,MA,MA,MA,True,True,0.0,1.0,96.345,0.0888
FDA_1572_NCT04470427,FDA_1572,NCT04470427,db_loc_state,controlled_synthetic_test_value,1,adaptive,MA,MA,MA,True,True,0.0,1.0,96.291,0.0859
FDA_1572_NCT04470427,FDA_1572,NCT04470427,db_loc_country,controlled_synthetic_test_value,1,raw,United States,United States,United States,True,True,0.0,1.0,96.606,0.0969
FDA_1572_NCT04470427,FDA_1572,NCT04470427,db_loc_country,controlled_synthetic_test_value,1,adaptive,United States,United States,United States,True,True,0.0,1.0,96.355,0.0891
FDA_1572_NCT04470427,FDA_1572,NCT04470427,db_loc_zip,controlled_synthetic_test_value,1,raw,02142,02142,02142,True,True,0.0,1.0,95.85,0.0874
FDA_1572_NCT04470427,FDA_1572,NCT04470427,db_loc_zip,controlled_synthetic_test_value,1,adaptive,02142,02142,02142,True,True,0.0,1.0,95.995,0.0831
FDA_1572_NCT04470427,FDA_1572,NCT04470427,db_lab_name,controlled_synthetic_test_value,1,raw,Central Clinical Laboratory,Central Clinical Laboratory,Central Clinical Laboratory,True,True,0.0,1.0,96.666,0.1308
FDA_1572_NCT04470427,FDA_1572,NCT04470427,db_lab_name,controlled_synthetic_test_value,1,adaptive,Central Clinical Laboratory,Central Clinical Laboratory,Central Clinical Laboratory,True,True,0.0,1.0,96.427,0.1098
FDA_1572_NCT04470427,FDA_1572,NCT04470427,db_lab_address1,controlled_synthetic_test_value,1,raw,25 Laboratory Way,25 Laboratory Way,25 Laboratory Way,True,True,0.0,1.0,96.575,0.111
FDA_1572_NCT04470427,FDA_1572,NCT04470427,db_lab_address1,controlled_synthetic_test_value,1,adaptive,25 Laboratory Way,25 Laboratory Way,25 Laboratory Way,True,True,0.0,1.0,96.605,0.1052
FDA_1572_NCT04470427,FDA_1572,NCT04470427,db_lab_city,controlled_synthetic_test_value,1,raw,Boston,Boston,Boston,True,True,0.0,1.0,96.722,0.0909
FDA_1572_NCT04470427,FDA_1572,NCT04470427,db_lab_city,controlled_synthetic_test_value,1,adaptive,Boston,Boston,Boston,True,True,0.0,1.0,96.586,0.0842
FDA_1572_NCT04470427,FDA_1572,NCT04470427,db_lab_state,controlled_synthetic_test_value,1,raw,MA,MA,MA,True,True,0.0,1.0,96.354,0.088
FDA_1572_NCT04470427,FDA_1572,NCT04470427,db_lab_state,controlled_synthetic_test_value,1,adaptive,MA,MA,MA,True,True,0.0,1.0,96.47,0.0841
FDA_1572_NCT04470427,FDA_1572,NCT04470427,db_lab_country,controlled_synthetic_test_value,1,raw,United States,United States,United States,True,True,0.0,1.0,96.735,0.0954
FDA_1572_NCT04470427,FDA_1572,NCT04470427,db_lab_country,controlled_synthetic_test_value,1,adaptive,United States,United States,United States,True,True,0.0,1.0,96.52,0.0889
FDA_1572_NCT04470427,FDA_1572,NCT04470427,db_lab_zip,controlled_synthetic_test_value,1,raw,02115,02115,02115,True,True,0.0,1.0,96.023,0.0948
FDA_1572_NCT04470427,FDA_1572,NCT04470427,db_lab_zip,controlled_synthetic_test_value,1,adaptive,02115,02115,02115,True,True,0.0,1.0,95.746,0.0903
FDA_1572_NCT04470427,FDA_1572,NCT04470427,db_irb_name,controlled_synthetic_test_value,1,raw,Independent Research Ethics Board,Independent Research Ethics Board,Independent Research Ethics Board,True,True,0.0,1.0,96.363,0.1451
FDA_1572_NCT04470427,FDA_1572,NCT04470427,db_irb_name,controlled_synthetic_test_value,1,adaptive,Independent Research Ethics Board,Independent Research Ethics Board,Independent Research Ethics Board,True,True,0.0,1.0,96.31,0.1154
FDA_1572_NCT04470427,FDA_1572,NCT04470427,db_irb_address1,controlled_synthetic_test_value,1,raw,10 Ethics Plaza,10 Ethics Plaza,10 Ethics Plaza,True,True,0.0,1.0,96.116,0.1088
FDA_1572_NCT04470427,FDA_1572,NCT04470427,db_irb_address1,controlled_synthetic_test_value,1,adaptive,10 Ethics Plaza,10 Ethics Plaza,10 Ethics Plaza,True,True,0.0,1.0,96.66,0.1001
FDA_1572_NCT04470427,FDA_1572,NCT04470427,db_irb_city,controlled_synthetic_test_value,1,raw,Boston,Boston,Boston,True,True,0.0,1.0,96.882,0.0893
FDA_1572_NCT04470427,FDA_1572,NCT04470427,db_irb_city,controlled_synthetic_test_value,1,adaptive,Boston,Boston,Boston,True,True,0.0,1.0,96.89,0.084
FDA_1572_NCT04470427,FDA_1572,NCT04470427,db_irb_state,controlled_synthetic_test_value,1,raw,MA,MA /,MA,True,True,0.0,1.0,48.177,0.0876
FDA_1572_NCT04470427,FDA_1572,NCT04470427,db_irb_state,controlled_synthetic_test_value,1,adaptive,MA,MA ;,MA,True,True,0.0,1.0,58.157,0.0811
FDA_1572_NCT04470427,FDA_1572,NCT04470427,db_irb_country,controlled_synthetic_test_value,1,raw,United States,United States,United States,True,True,0.0,1.0,96.454,0.0949
FDA_1572_NCT04470427,FDA_1572,NCT04470427,db_irb_country,controlled_synthetic_test_value,1,adaptive,United States,United States,United States,True,True,0.0,1.0,96.573,0.0878
FDA_1572_NCT04470427,FDA_1572,NCT04470427,db_irb_zip,controlled_synthetic_test_value,1,raw,02110,02110,02110,True,True,0.0,1.0,96.141,0.0877
FDA_1572_NCT04470427,FDA_1572,NCT04470427,db_irb_zip,controlled_synthetic_test_value,1,adaptive,02110,02110,02110,True,True,0.0,1.0,96.413,0.0841
FDA_1572_NCT04470427,FDA_1572,NCT04470427,db_sub_inv_names,controlled_synthetic_test_value,1,raw,"Daniel Brooks, MD; Elena Patel, MD","Daniel Brooks, MD; Elena Patel, MD","Daniel Brooks, MD; Elena Patel, MD",True,True,0.0,1.0,96.378,0.1164
FDA_1572_NCT04470427,FDA_1572,NCT04470427,db_sub_inv_names,controlled_synthetic_test_value,1,adaptive,"Daniel Brooks, MD; Elena Patel, MD","Daniel Brooks, MD; Elena Patel, MD","Daniel Brooks, MD; Elena Patel, MD",True,True,0.0,1.0,96.167,0.102
FDA_1572_NCT04470427,FDA_1572,NCT04470427,db_prot_name_code,derived_from_actual_public_protocol_metadata,1,raw,"mRNA-1273-P301 - A Phase 3, Randomized, Stratified, Observer-Blind, Placebo-Controlled Study to Evaluate the Efficacy, Safety, and Immunogenicity of mRNA-1273 SARS-CoV-2 Vaccine in Adults Aged 18 Years and Older","mRNA-1273-P301 - A Phase 3, Randomized, Stratified, Observer-Blind, Placebo-Controlled Study to Evaluate the Efficacy, Safety, and Immunogenicity of MRNA-1273 SARS-CoV-2
Vaccine in Adults Aged 18 Years and Older","mRNA-1273-P301 - A Phase 3, Randomized, Stratified, Observer-Blind, Placebo-Controlled Study to Evaluate the Efficacy, Safety, and Immunogenicity of MRNA-1273 SARS-CoV-2 Vaccine in Adults Aged 18 Years and Older",True,True,0.0,1.0,93.364,0.2246
FDA_1572_NCT04470427,FDA_1572,NCT04470427,db_prot_name_code,derived_from_actual_public_protocol_metadata,1,adaptive,"mRNA-1273-P301 - A Phase 3, Randomized, Stratified, Observer-Blind, Placebo-Controlled Study to Evaluate the Efficacy, Safety, and Immunogenicity of mRNA-1273 SARS-CoV-2 Vaccine in Adults Aged 18 Years and Older","MRNA-1273-P301 - A Phase 3, Randomized, Stratified, Observer-Blind, Placebo-Controlled Study to Evaluate the Efficacy, Safety, and Immunogenicity of mRNA-1273 SARS-CoV-2
Vaccine in Adults Aged 18 Years and Older","MRNA-1273-P301 - A Phase 3, Randomized, Stratified, Observer-Blind, Placebo-Controlled Study to Evaluate the Efficacy, Safety, and Immunogenicity of mRNA-1273 SARS-CoV-2 Vaccine in Adults Aged 18 Years and Older",True,True,0.0,1.0,92.999,0.192
FDA_1572_NCT04470427,FDA_1572,NCT04470427,db_sig_date,actual_public_protocol_metadata,2,raw,04/07/2022,04/07/2022,04/07/2022,True,True,0.0,1.0,95.999,0.093
FDA_1572_NCT04470427,FDA_1572,NCT04470427,db_sig_date,actual_public_protocol_metadata,2,adaptive,04/07/2022,04/07/2022,04/07/2022,True,True,0.0,1.0,96.838,0.0874
FDA_1572_NCT04796896,FDA_1572,NCT04796896,db_invest_name,controlled_synthetic_test_value,1,raw,"Omar Rahman, MD","Omar Rahman, MD","Omar Rahman, MD",True,True,0.0,1.0,96.446,0.1258
FDA_1572_NCT04796896,FDA_1572,NCT04796896,db_invest_name,controlled_synthetic_test_value,1,adaptive,"Omar Rahman, MD","Omar Rahman, MD","Omar Rahman, MD",True,True,0.0,1.0,95.968,0.1057
FDA_1572_NCT04796896,FDA_1572,NCT04796896,db_inv_address1,controlled_synthetic_test_value,1,raw,725 Research Boulevard,725 Research Boulevard,725 Research Boulevard,True,True,0.0,1.0,96.021,0.1149
FDA_1572_NCT04796896,FDA_1572,NCT04796896,db_inv_address1,controlled_synthetic_test_value,1,adaptive,725 Research Boulevard,725 Research Boulevard,725 Research Boulevard,True,True,0.0,1.0,96.25,0.102
FDA_1572_NCT04796896,FDA_1572,NCT04796896,db_inv_address2,controlled_synthetic_test_value,1,raw,Building B,Building B,Building B,True,True,0.0,1.0,93.162,0.0995
FDA_1572_NCT04796896,FDA_1572,NCT04796896,db_inv_address2,controlled_synthetic_test_value,1,adaptive,Building B,Building B,Building B,True,True,0.0,1.0,93.032,0.09
FDA_1572_NCT04796896,FDA_1572,NCT04796896,db_inv_city,controlled_synthetic_test_value,1,raw,Somerville,Somerville,Somerville,True,True,0.0,1.0,95.749,0.1045
FDA_1572_NCT04796896,FDA_1572,NCT04796896,db_inv_city,controlled_synthetic_test_value,1,adaptive,Somerville,Somerville,Somerville,True,True,0.0,1.0,96.43,0.0896
FDA_1572_NCT04796896,FDA_1572,NCT04796896,db_inv_state,controlled_synthetic_test_value,1,raw,MA,MA,MA,True,True,0.0,1.0,96.354,0.0934
FDA_1572_NCT04796896,FDA_1572,NCT04796896,db_inv_state,controlled_synthetic_test_value,1,adaptive,MA,MA,MA,True,True,0.0,1.0,96.47,0.0878
FDA_1572_NCT04796896,FDA_1572,NCT04796896,db_inv_country,controlled_synthetic_test_value,1,raw,United States,United States,United States,True,True,0.0,1.0,96.583,0.0998
FDA_1572_NCT04796896,FDA_1572,NCT04796896,db_inv_country,controlled_synthetic_test_value,1,adaptive,United States,United States,United States,True,True,0.0,1.0,96.252,0.09
FDA_1572_NCT04796896,FDA_1572,NCT04796896,db_inv_zip,controlled_synthetic_test_value,1,raw,02145,02145,02145,True,True,0.0,1.0,95.968,0.0926
FDA_1572_NCT04796896,FDA_1572,NCT04796896,db_inv_zip,controlled_synthetic_test_value,1,adaptive,02145,02145,02145,True,True,0.0,1.0,96.411,0.0864
FDA_1572_NCT04796896,FDA_1572,NCT04796896,db_loc_name,controlled_synthetic_test_value,1,raw,Pediatric Vaccine Research Unit,Pediatric Vaccine Research Unit .,Pediatric Vaccine Research Unit .,True,True,0.0,1.0,78.253,0.1342
FDA_1572_NCT04796896,FDA_1572,NCT04796896,db_loc_name,controlled_synthetic_test_value,1,adaptive,Pediatric Vaccine Research Unit,Pediatric Vaccine Research Unit .,Pediatric Vaccine Research Unit .,True,True,0.0,1.0,80.094,0.1162
FDA_1572_NCT04796896,FDA_1572,NCT04796896,db_loc_address1,controlled_synthetic_test_value,1,raw,88 Health Sciences Road,88 Health Sciences Road,88 Health Sciences Road,True,True,0.0,1.0,96.705,0.1153
FDA_1572_NCT04796896,FDA_1572,NCT04796896,db_loc_address1,controlled_synthetic_test_value,1,adaptive,88 Health Sciences Road,88 Health Sciences Road,88 Health Sciences Road,True,True,0.0,1.0,96.635,0.1056
FDA_1572_NCT04796896,FDA_1572,NCT04796896,db_loc_city,controlled_synthetic_test_value,1,raw,Boston,Boston,Boston,True,True,0.0,1.0,96.857,0.0963
FDA_1572_NCT04796896,FDA_1572,NCT04796896,db_loc_city,controlled_synthetic_test_value,1,adaptive,Boston,Boston,Boston,True,True,0.0,1.0,96.791,0.0843
FDA_1572_NCT04796896,FDA_1572,NCT04796896,db_loc_state,controlled_synthetic_test_value,1,raw,MA,MA,MA,True,True,0.0,1.0,96.345,0.0863
FDA_1572_NCT04796896,FDA_1572,NCT04796896,db_loc_state,controlled_synthetic_test_value,1,adaptive,MA,MA,MA,True,True,0.0,1.0,96.291,0.084
FDA_1572_NCT04796896,FDA_1572,NCT04796896,db_loc_country,controlled_synthetic_test_value,1,raw,United States,United States,United States,True,True,0.0,1.0,96.606,0.0988
FDA_1572_NCT04796896,FDA_1572,NCT04796896,db_loc_country,controlled_synthetic_test_value,1,adaptive,United States,United States,United States,True,True,0.0,1.0,96.355,0.091
FDA_1572_NCT04796896,FDA_1572,NCT04796896,db_loc_zip,controlled_synthetic_test_value,1,raw,02118,02118,02118,True,True,0.0,1.0,96.134,0.0914
FDA_1572_NCT04796896,FDA_1572,NCT04796896,db_loc_zip,controlled_synthetic_test_value,1,adaptive,02118,02118,02118,True,True,0.0,1.0,96.253,0.0863
FDA_1572_NCT04796896,FDA_1572,NCT04796896,db_lab_name,controlled_synthetic_test_value,1,raw,Northeast Bioanalytical Laboratory,Northeast Bioanalytical Laboratory,Northeast Bioanalytical Laboratory,True,True,0.0,1.0,96.352,0.1395
FDA_1572_NCT04796896,FDA_1572,NCT04796896,db_lab_name,controlled_synthetic_test_value,1,adaptive,Northeast Bioanalytical Laboratory,Northeast Bioanalytical Laboratory,Northeast Bioanalytical Laboratory,True,True,0.0,1.0,96.458,0.1129
FDA_1572_NCT04796896,FDA_1572,NCT04796896,db_lab_address1,controlled_synthetic_test_value,1,raw,45 Discovery Drive,45 Discovery Drive,45 Discovery Drive,True,True,0.0,1.0,96.321,0.1103
FDA_1572_NCT04796896,FDA_1572,NCT04796896,db_lab_address1,controlled_synthetic_test_value,1,adaptive,45 Discovery Drive,45 Discovery Drive,45 Discovery Drive,True,True,0.0,1.0,96.568,0.0968
FDA_1572_NCT04796896,FDA_1572,NCT04796896,db_lab_city,controlled_synthetic_test_value,1,raw,Boston,Boston,Boston,True,True,0.0,1.0,96.722,0.0921
FDA_1572_NCT04796896,FDA_1572,NCT04796896,db_lab_city,controlled_synthetic_test_value,1,adaptive,Boston,Boston,Boston,True,True,0.0,1.0,96.586,0.0949
FDA_1572_NCT04796896,FDA_1572,NCT04796896,db_lab_state,controlled_synthetic_test_value,1,raw,MA,MA,MA,True,True,0.0,1.0,96.354,0.0884
FDA_1572_NCT04796896,FDA_1572,NCT04796896,db_lab_state,controlled_synthetic_test_value,1,adaptive,MA,MA,MA,True,True,0.0,1.0,96.47,0.0833
FDA_1572_NCT04796896,FDA_1572,NCT04796896,db_lab_country,controlled_synthetic_test_value,1,raw,United States,United States,United States,True,True,0.0,1.0,96.735,0.0968
FDA_1572_NCT04796896,FDA_1572,NCT04796896,db_lab_country,controlled_synthetic_test_value,1,adaptive,United States,United States,United States,True,True,0.0,1.0,96.52,0.0939
FDA_1572_NCT04796896,FDA_1572,NCT04796896,db_lab_zip,controlled_synthetic_test_value,1,raw,02115,02115,02115,True,True,0.0,1.0,96.023,0.0945
FDA_1572_NCT04796896,FDA_1572,NCT04796896,db_lab_zip,controlled_synthetic_test_value,1,adaptive,02115,02115,02115,True,True,0.0,1.0,95.746,0.0863
FDA_1572_NCT04796896,FDA_1572,NCT04796896,db_irb_name,controlled_synthetic_test_value,1,raw,Regional Human Research Board,Regional Human Research Board,Regional Human Research Board,True,True,0.0,1.0,96.311,0.1537
FDA_1572_NCT04796896,FDA_1572,NCT04796896,db_irb_name,controlled_synthetic_test_value,1,adaptive,Regional Human Research Board,Regional Human Research Board,Regional Human Research Board,True,True,0.0,1.0,96.256,0.1179
FDA_1572_NCT04796896,FDA_1572,NCT04796896,db_irb_address1,controlled_synthetic_test_value,1,raw,200 Review Avenue,200 Review Avenue,200 Review Avenue,True,True,0.0,1.0,96.266,0.116
FDA_1572_NCT04796896,FDA_1572,NCT04796896,db_irb_address1,controlled_synthetic_test_value,1,adaptive,200 Review Avenue,200 Review Avenue,200 Review Avenue,True,True,0.0,1.0,96.473,0.1009
FDA_1572_NCT04796896,FDA_1572,NCT04796896,db_irb_city,controlled_synthetic_test_value,1,raw,Boston,Boston,Boston,True,True,0.0,1.0,96.882,0.0913
FDA_1572_NCT04796896,FDA_1572,NCT04796896,db_irb_city,controlled_synthetic_test_value,1,adaptive,Boston,Boston,Boston,True,True,0.0,1.0,96.89,0.0867
FDA_1572_NCT04796896,FDA_1572,NCT04796896,db_irb_state,controlled_synthetic_test_value,1,raw,MA,MA /,MA,True,True,0.0,1.0,48.177,0.0885
FDA_1572_NCT04796896,FDA_1572,NCT04796896,db_irb_state,controlled_synthetic_test_value,1,adaptive,MA,MA ;,MA,True,True,0.0,1.0,58.157,0.1073
FDA_1572_NCT04796896,FDA_1572,NCT04796896,db_irb_country,controlled_synthetic_test_value,1,raw,United States,United States,United States,True,True,0.0,1.0,96.454,0.102
FDA_1572_NCT04796896,FDA_1572,NCT04796896,db_irb_country,controlled_synthetic_test_value,1,adaptive,United States,United States,United States,True,True,0.0,1.0,96.573,0.0932
FDA_1572_NCT04796896,FDA_1572,NCT04796896,db_irb_zip,controlled_synthetic_test_value,1,raw,02110,02110,02110,True,True,0.0,1.0,96.141,0.09
FDA_1572_NCT04796896,FDA_1572,NCT04796896,db_irb_zip,controlled_synthetic_test_value,1,adaptive,02110,02110,02110,True,True,0.0,1.0,96.413,0.0882
FDA_1572_NCT04796896,FDA_1572,NCT04796896,db_sub_inv_names,controlled_synthetic_test_value,1,raw,"Sophia Kim, MD; Lucas Martin, MD","Sophia Kim, MD; Lucas Martin, MD","Sophia Kim, MD; Lucas Martin, MD",True,True,0.0,1.0,96.35,0.1216
FDA_1572_NCT04796896,FDA_1572,NCT04796896,db_sub_inv_names,controlled_synthetic_test_value,1,adaptive,"Sophia Kim, MD; Lucas Martin, MD","Sophia Kim, MD; Lucas Martin, MD","Sophia Kim, MD; Lucas Martin, MD",True,True,0.0,1.0,96.315,0.1026
FDA_1572_NCT04796896,FDA_1572,NCT04796896,db_prot_name_code,derived_from_actual_public_protocol_metadata,1,raw,"mRNA-1273-P204 - A Phase 2/3, Three-Part, Open-Label, Dose-Escalation, Age De-escalation and Randomized, Observer-Blind, Placebo-Controlled Expansion Study to Evaluate the Safety, Tolerability, Reactogenicity, and Effectiveness of mRNA-1273 SARS-CoV-2 Vaccine in Healthy Children 6 Months to Less Than 12 Years of Age","mRNA-1273-P204 - A Phase 2/3, Three-Part, Open-Label, Dose-Escalation, Age De-escalation and Randomized, Observer-Blind, Placebo-Controlled Expansion Study to Evaluate the
Safety, Tolerability, Reactogenicity, and Effectiveness of MRNA-1273 SARS-CoV-2 Vaccine in Healthy Children 6 Months to Less Than 12 Years of Age","mRNA-1273-P204 - A Phase 2/3, Three-Part, Open-Label, Dose-Escalation, Age De-escalation and Randomized, Observer-Blind, Placebo-Controlled Expansion Study to Evaluate the Safety, Tolerability, Reactogenicity, and Effectiveness of MRNA-1273 SARS-CoV-2 Vaccine in Healthy Children 6 Months to Less Than 12 Years of Age",True,True,0.0,1.0,93.603,0.2242
FDA_1572_NCT04796896,FDA_1572,NCT04796896,db_prot_name_code,derived_from_actual_public_protocol_metadata,1,adaptive,"mRNA-1273-P204 - A Phase 2/3, Three-Part, Open-Label, Dose-Escalation, Age De-escalation and Randomized, Observer-Blind, Placebo-Controlled Expansion Study to Evaluate the Safety, Tolerability, Reactogenicity, and Effectiveness of mRNA-1273 SARS-CoV-2 Vaccine in Healthy Children 6 Months to Less Than 12 Years of Age","MRNA-1273-P204 - A Phase 2/3, Three-Part, Open-Label, Dose-Escalation, Age De-escalation and Randomized, Observer-Blind, Placebo-Controlled Expansion Study to Evaluate the
Safety, Tolerability, Reactogenicity, and Effectiveness of mRNA-1273 SARS-CoV-2 Vaccine in Healthy Children 6 Months to Less Than 12 Years of Age","MRNA-1273-P204 - A Phase 2/3, Three-Part, Open-Label, Dose-Escalation, Age De-escalation and Randomized, Observer-Blind, Placebo-Controlled Expansion Study to Evaluate the Safety, Tolerability, Reactogenicity, and Effectiveness of mRNA-1273 SARS-CoV-2 Vaccine in Healthy Children 6 Months to Less Than 12 Years of Age",True,True,0.0,1.0,93.461,0.1949
FDA_1572_NCT04796896,FDA_1572,NCT04796896,db_sig_date,actual_public_protocol_metadata,2,raw,08/04/2022,08/04/2022,08/04/2022,True,True,0.0,1.0,96.513,0.0937
FDA_1572_NCT04796896,FDA_1572,NCT04796896,db_sig_date,actual_public_protocol_metadata,2,adaptive,08/04/2022,08/04/2022,08/04/2022,True,True,0.0,1.0,96.328,0.0872
FDA_3454_NCT04470427,FDA_3454,NCT04470427,topmostSubform[0].Page1[0].Subform1[0].appName[0],controlled_synthetic_test_value,1,raw,Alex Morgan,Alex Morgan,Alex Morgan,True,True,0.0,1.0,96.71,0.091
FDA_3454_NCT04470427,FDA_3454,NCT04470427,topmostSubform[0].Page1[0].Subform1[0].appName[0],controlled_synthetic_test_value,1,adaptive,Alex Morgan,Alex Morgan,Alex Morgan,True,True,0.0,1.0,96.66,0.0857
FDA_3454_NCT04470427,FDA_3454,NCT04470427,topmostSubform[0].Page1[0].Subform1[0].appTitle[0],controlled_synthetic_test_value,1,raw,Regulatory Affairs Director,Regulatory Affairs Director,Regulatory Affairs Director,True,True,0.0,1.0,96.656,0.109
FDA_3454_NCT04470427,FDA_3454,NCT04470427,topmostSubform[0].Page1[0].Subform1[0].appTitle[0],controlled_synthetic_test_value,1,adaptive,Regulatory Affairs Director,Regulatory Affairs Director,Regulatory Affairs Director,True,True,0.0,1.0,96.481,0.0933
FDA_3454_NCT04470427,FDA_3454,NCT04470427,topmostSubform[0].Page1[0].Subform1[0].appFirm[0],actual_public_protocol_metadata,1,raw,"ModernaTX, Inc.","ModernaTlX, Inc.","ModernaTX, Inc.",False,True,0.0,1.0,63.178,0.1338
FDA_3454_NCT04470427,FDA_3454,NCT04470427,topmostSubform[0].Page1[0].Subform1[0].appFirm[0],actual_public_protocol_metadata,1,adaptive,"ModernaTX, Inc.","ModernalX, Inc.","ModernaTX, Inc.",False,True,0.0,1.0,78.36,0.1007
FDA_3454_NCT04470427,FDA_3454,NCT04470427,topmostSubform[0].Page1[0].Subform1[0].appSigDate[0],actual_public_protocol_metadata,1,raw,04/07/2022,04/07/2022,04/07/2022,True,True,0.0,1.0,96.6,0.093
FDA_3454_NCT04470427,FDA_3454,NCT04470427,topmostSubform[0].Page1[0].Subform1[0].appSigDate[0],actual_public_protocol_metadata,1,adaptive,04/07/2022,04/07/2022,04/07/2022,True,True,0.0,1.0,96.29,0.1033
FDA_3454_NCT04470427,FDA_3454,NCT04470427,topmostSubform[0].Page1[0].Subform1[0].checkboxList[0].LI1[0].clinInvList[0].LI1[0].invName1[0],controlled_synthetic_test_value,1,raw,"Maya Chen, MD","Maya Chen, MD","Maya Chen, MD",True,True,0.0,1.0,95.803,0.1057
FDA_3454_NCT04470427,FDA_3454,NCT04470427,topmostSubform[0].Page1[0].Subform1[0].checkboxList[0].LI1[0].clinInvList[0].LI1[0].invName1[0],controlled_synthetic_test_value,1,adaptive,"Maya Chen, MD","Maya Chen, MD","Maya Chen, MD",True,True,0.0,1.0,95.963,0.0961
FDA_3454_NCT04470427,FDA_3454,NCT04470427,topmostSubform[0].Page1[0].Subform1[0].checkboxList[0].LI1[0].clinInvList[0].LI2[0].invName2[0],controlled_synthetic_test_value,1,raw,"Daniel Brooks, MD","Daniel Brooks, MD","Daniel Brooks, MD",True,True,0.0,1.0,96.451,0.1119
FDA_3454_NCT04470427,FDA_3454,NCT04470427,topmostSubform[0].Page1[0].Subform1[0].checkboxList[0].LI1[0].clinInvList[0].LI2[0].invName2[0],controlled_synthetic_test_value,1,adaptive,"Daniel Brooks, MD","Daniel Brooks, MD","Daniel Brooks, MD",True,True,0.0,1.0,95.812,0.1015
FDA_3454_NCT04470427,FDA_3454,NCT04470427,topmostSubform[0].Page1[0].Subform1[0].checkboxList[0].LI1[0].clinInvList[0].LI3[0].invName3[0],controlled_synthetic_test_value,1,raw,"Elena Patel, MD","Elena Patel, MD","Elena Patel, MD",True,True,0.0,1.0,95.589,0.1065
FDA_3454_NCT04470427,FDA_3454,NCT04470427,topmostSubform[0].Page1[0].Subform1[0].checkboxList[0].LI1[0].clinInvList[0].LI3[0].invName3[0],controlled_synthetic_test_value,1,adaptive,"Elena Patel, MD","Elena Patel, MD","Elena Patel, MD",True,True,0.0,1.0,95.922,0.0994
FDA_3454_NCT04470427,FDA_3454,NCT04470427,topmostSubform[0].Page1[0].Subform1[0].checkboxList[0].LI1[0].clinInvList[0].LI4[0].invName4[0],controlled_synthetic_test_value,1,raw,"Jordan Lee, MD","Jordan Lee, MD","Jordan Lee, MD",True,True,0.0,1.0,95.663,0.1063
FDA_3454_NCT04470427,FDA_3454,NCT04470427,topmostSubform[0].Page1[0].Subform1[0].checkboxList[0].LI1[0].clinInvList[0].LI4[0].invName4[0],controlled_synthetic_test_value,1,adaptive,"Jordan Lee, MD","Jordan Lee, MD","Jordan Lee, MD",True,True,0.0,1.0,96.197,0.0964
FDA_3454_NCT04470427,FDA_3454,NCT04470427,topmostSubform[0].Page1[0].Subform1[0].checkboxList[0].LI1[0].clinInvList[0].LI5[0].invName5[0],controlled_synthetic_test_value,1,raw,"Priya Shah, MD","Priya Shah, MD","Priya Shah, MD",True,True,0.0,1.0,96.175,0.1072
FDA_3454_NCT04470427,FDA_3454,NCT04470427,topmostSubform[0].Page1[0].Subform1[0].checkboxList[0].LI1[0].clinInvList[0].LI5[0].invName5[0],controlled_synthetic_test_value,1,adaptive,"Priya Shah, MD","Priya Shah, MD","Priya Shah, MD",True,True,0.0,1.0,96.086,0.0988
FDA_3454_NCT04470427,FDA_3454,NCT04470427,topmostSubform[0].Page1[0].Subform1[0].checkboxList[0].LI1[0].clinInvList[0].LI6[0].invName6[0],controlled_synthetic_test_value,1,raw,"Noah Williams, MD","Noah Williams, MD","Noah Williams, MD",True,True,0.0,1.0,95.388,0.107
FDA_3454_NCT04470427,FDA_3454,NCT04470427,topmostSubform[0].Page1[0].Subform1[0].checkboxList[0].LI1[0].clinInvList[0].LI6[0].invName6[0],controlled_synthetic_test_value,1,adaptive,"Noah Williams, MD","Noah Williams, MD","Noah Williams, MD",True,True,0.0,1.0,96.06,0.1039
FDA_3454_NCT04796896,FDA_3454,NCT04796896,topmostSubform[0].Page1[0].Subform1[0].appName[0],controlled_synthetic_test_value,1,raw,Taylor Rivera,Taylor Rivera,Taylor Rivera,True,True,0.0,1.0,96.343,0.0926
FDA_3454_NCT04796896,FDA_3454,NCT04796896,topmostSubform[0].Page1[0].Subform1[0].appName[0],controlled_synthetic_test_value,1,adaptive,Taylor Rivera,Taylor Rivera,Taylor Rivera,True,True,0.0,1.0,96.272,0.0881
FDA_3454_NCT04796896,FDA_3454,NCT04796896,topmostSubform[0].Page1[0].Subform1[0].appTitle[0],controlled_synthetic_test_value,1,raw,Clinical Compliance Manager,Clinical Compliance Manager,Clinical Compliance Manager,True,True,0.0,1.0,96.16,0.0992
FDA_3454_NCT04796896,FDA_3454,NCT04796896,topmostSubform[0].Page1[0].Subform1[0].appTitle[0],controlled_synthetic_test_value,1,adaptive,Clinical Compliance Manager,Clinical Compliance Manager,Clinical Compliance Manager,True,True,0.0,1.0,96.205,0.0952
FDA_3454_NCT04796896,FDA_3454,NCT04796896,topmostSubform[0].Page1[0].Subform1[0].appFirm[0],actual_public_protocol_metadata,1,raw,"ModernaTX, Inc.","ModernaTlX, Inc.","ModernaTX, Inc.",False,True,0.0,1.0,63.178,0.1295
FDA_3454_NCT04796896,FDA_3454,NCT04796896,topmostSubform[0].Page1[0].Subform1[0].appFirm[0],actual_public_protocol_metadata,1,adaptive,"ModernaTX, Inc.","ModernalX, Inc.","ModernaTX, Inc.",False,True,0.0,1.0,78.36,0.1136
FDA_3454_NCT04796896,FDA_3454,NCT04796896,topmostSubform[0].Page1[0].Subform1[0].appSigDate[0],actual_public_protocol_metadata,1,raw,08/04/2022,08/04/2022,08/04/2022,True,True,0.0,1.0,96.783,0.0929
FDA_3454_NCT04796896,FDA_3454,NCT04796896,topmostSubform[0].Page1[0].Subform1[0].appSigDate[0],actual_public_protocol_metadata,1,adaptive,08/04/2022,08/04/2022,08/04/2022,True,True,0.0,1.0,96.023,0.089
FDA_3454_NCT04796896,FDA_3454,NCT04796896,topmostSubform[0].Page1[0].Subform1[0].checkboxList[0].LI1[0].clinInvList[0].LI1[0].invName1[0],controlled_synthetic_test_value,1,raw,"Omar Rahman, MD","Omar Rahman, MD","Omar Rahman, MD",True,True,0.0,1.0,96.373,0.1065
FDA_3454_NCT04796896,FDA_3454,NCT04796896,topmostSubform[0].Page1[0].Subform1[0].checkboxList[0].LI1[0].clinInvList[0].LI1[0].invName1[0],controlled_synthetic_test_value,1,adaptive,"Omar Rahman, MD","Omar Rahman, MD","Omar Rahman, MD",True,True,0.0,1.0,94.887,0.1002
FDA_3454_NCT04796896,FDA_3454,NCT04796896,topmostSubform[0].Page1[0].Subform1[0].checkboxList[0].LI1[0].clinInvList[0].LI2[0].invName2[0],controlled_synthetic_test_value,1,raw,"Sophia Kim, MD","Sophia Kim, MD","Sophia Kim, MD",True,True,0.0,1.0,95.987,0.1096
FDA_3454_NCT04796896,FDA_3454,NCT04796896,topmostSubform[0].Page1[0].Subform1[0].checkboxList[0].LI1[0].clinInvList[0].LI2[0].invName2[0],controlled_synthetic_test_value,1,adaptive,"Sophia Kim, MD","Sophia Kim, MD","Sophia Kim, MD",True,True,0.0,1.0,96.633,0.0969
FDA_3454_NCT04796896,FDA_3454,NCT04796896,topmostSubform[0].Page1[0].Subform1[0].checkboxList[0].LI1[0].clinInvList[0].LI3[0].invName3[0],controlled_synthetic_test_value,1,raw,"Lucas Martin, MD","Lucas Martin, MD","Lucas Martin, MD",True,True,0.0,1.0,96.028,0.1044
FDA_3454_NCT04796896,FDA_3454,NCT04796896,topmostSubform[0].Page1[0].Subform1[0].checkboxList[0].LI1[0].clinInvList[0].LI3[0].invName3[0],controlled_synthetic_test_value,1,adaptive,"Lucas Martin, MD","Lucas Martin, MD","Lucas Martin, MD",True,True,0.0,1.0,96.412,0.1001
FDA_3454_NCT04796896,FDA_3454,NCT04796896,topmostSubform[0].Page1[0].Subform1[0].checkboxList[0].LI1[0].clinInvList[0].LI4[0].invName4[0],controlled_synthetic_test_value,1,raw,"Ava Thompson, MD","Ava Thompson, MD","Ava Thompson, MD",True,True,0.0,1.0,96.323,0.1065
FDA_3454_NCT04796896,FDA_3454,NCT04796896,topmostSubform[0].Page1[0].Subform1[0].checkboxList[0].LI1[0].clinInvList[0].LI4[0].invName4[0],controlled_synthetic_test_value,1,adaptive,"Ava Thompson, MD","Ava Thompson, MD","Ava Thompson, MD",True,True,0.0,1.0,95.932,0.1025
FDA_3454_NCT04796896,FDA_3454,NCT04796896,topmostSubform[0].Page1[0].Subform1[0].checkboxList[0].LI1[0].clinInvList[0].LI5[0].invName5[0],controlled_synthetic_test_value,1,raw,"Ethan Wilson, MD","Ethan Wilson, MD","Ethan Wilson, MD",True,True,0.0,1.0,95.156,0.1123
FDA_3454_NCT04796896,FDA_3454,NCT04796896,topmostSubform[0].Page1[0].Subform1[0].checkboxList[0].LI1[0].clinInvList[0].LI5[0].invName5[0],controlled_synthetic_test_value,1,adaptive,"Ethan Wilson, MD","Ethan Wilson, MD","Ethan Wilson, MD",True,True,0.0,1.0,94.686,0.095
FDA_3454_NCT04796896,FDA_3454,NCT04796896,topmostSubform[0].Page1[0].Subform1[0].checkboxList[0].LI1[0].clinInvList[0].LI6[0].invName6[0],controlled_synthetic_test_value,1,raw,"Leila Hassan, MD","Leila Hassan, MD","Leila Hassan, MD",True,True,0.0,1.0,95.701,0.1063
FDA_3454_NCT04796896,FDA_3454,NCT04796896,topmostSubform[0].Page1[0].Subform1[0].checkboxList[0].LI1[0].clinInvList[0].LI6[0].invName6[0],controlled_synthetic_test_value,1,adaptive,"Leila Hassan, MD","Leila Hassan, MD","Leila Hassan, MD",True,True,0.0,1.0,96.112,0.0928
FDA_3455_NCT04470427,FDA_3455,NCT04470427,topmostSubform[0].Page1[0].invesname[0],controlled_synthetic_test_value,1,raw,"Maya Chen, MD","Maya Chen, MD","Maya Chen, MD",True,True,0.0,1.0,96.511,0.1063
FDA_3455_NCT04470427,FDA_3455,NCT04470427,topmostSubform[0].Page1[0].invesname[0],controlled_synthetic_test_value,1,adaptive,"Maya Chen, MD","Maya Chen, MD","Maya Chen, MD",True,True,0.0,1.0,96.268,0.0929
FDA_3455_NCT04470427,FDA_3455,NCT04470427,topmostSubform[0].Page1[0].nameofstudy[0],derived_from_actual_public_protocol_metadata,1,raw,mRNA-1273-P301: Phase 3 mRNA-1273 Vaccine Study,mMRNA-1273-P301: Phase 3 mRNA-1273 Vaccine Study,mRNA-1273-P301: Phase 3 mRNA-1273 Vaccine Study,False,True,0.0,1.0,86.401,0.1291
FDA_3455_NCT04470427,FDA_3455,NCT04470427,topmostSubform[0].Page1[0].nameofstudy[0],derived_from_actual_public_protocol_metadata,1,adaptive,mRNA-1273-P301: Phase 3 mRNA-1273 Vaccine Study,mRNA-1273-P301: Phase 3 mMRNA-1273 Vaccine Study,mRNA-1273-P301: Phase 3 mRNA-1273 Vaccine Study,False,True,0.0,1.0,82.584,0.1116
FDA_3455_NCT04470427,FDA_3455,NCT04470427,topmostSubform[0].Page1[0].nameofstudy2[0],derived_from_actual_public_protocol_metadata,1,raw,Adults Aged 18 Years and Older (NCT04470427),Adults Aged 18 Years and Older (NCT04470427),Adults Aged 18 Years and Older (NCT04470427),True,True,0.0,1.0,95.095,0.1207
FDA_3455_NCT04470427,FDA_3455,NCT04470427,topmostSubform[0].Page1[0].nameofstudy2[0],derived_from_actual_public_protocol_metadata,1,adaptive,Adults Aged 18 Years and Older (NCT04470427),Adults Aged 18 Years and Older (NCT04470427),Adults Aged 18 Years and Older (NCT04470427),True,True,0.0,1.0,94.755,0.1088
FDA_3455_NCT04470427,FDA_3455,NCT04470427,topmostSubform[0].Page1[0].appName[0],controlled_synthetic_test_value,1,raw,Alex Morgan,Alex Morgan,Alex Morgan,True,True,0.0,1.0,96.3,0.1067
FDA_3455_NCT04470427,FDA_3455,NCT04470427,topmostSubform[0].Page1[0].appName[0],controlled_synthetic_test_value,1,adaptive,Alex Morgan,Alex Morgan,Alex Morgan,True,True,0.0,1.0,95.901,0.0921
FDA_3455_NCT04470427,FDA_3455,NCT04470427,topmostSubform[0].Page1[0].appTitle[0],controlled_synthetic_test_value,1,raw,Regulatory Affairs Director,Regulatory Affairs Director,Regulatory Affairs Director,True,True,0.0,1.0,96.309,0.1181
FDA_3455_NCT04470427,FDA_3455,NCT04470427,topmostSubform[0].Page1[0].appTitle[0],controlled_synthetic_test_value,1,adaptive,Regulatory Affairs Director,Regulatory Affairs Director,Regulatory Affairs Director,True,True,0.0,1.0,96.462,0.1132
FDA_3455_NCT04470427,FDA_3455,NCT04470427,topmostSubform[0].Page1[0].appFirm[0],actual_public_protocol_metadata,1,raw,"ModernaTX, Inc.","ModernaTlX, Inc.","ModernaTX, Inc.",False,True,0.0,1.0,60.481,0.1246
FDA_3455_NCT04470427,FDA_3455,NCT04470427,topmostSubform[0].Page1[0].appFirm[0],actual_public_protocol_metadata,1,adaptive,"ModernaTX, Inc.","Modernal xX, Inc.","ModernaTX, Inc.",False,True,0.0,1.0,72.096,0.1021
FDA_3455_NCT04470427,FDA_3455,NCT04470427,topmostSubform[0].Page1[0].appSigDate[0],actual_public_protocol_metadata,1,raw,04/07/2022,04/07/2022,04/07/2022,True,True,0.0,1.0,96.145,0.1003
FDA_3455_NCT04470427,FDA_3455,NCT04470427,topmostSubform[0].Page1[0].appSigDate[0],actual_public_protocol_metadata,1,adaptive,04/07/2022,04/07/2022,04/07/2022,True,True,0.0,1.0,96.623,0.0922
FDA_3455_NCT04796896,FDA_3455,NCT04796896,topmostSubform[0].Page1[0].invesname[0],controlled_synthetic_test_value,1,raw,"Omar Rahman, MD","Omar Rahman, MD","Omar Rahman, MD",True,True,0.0,1.0,96.563,0.1099
FDA_3455_NCT04796896,FDA_3455,NCT04796896,topmostSubform[0].Page1[0].invesname[0],controlled_synthetic_test_value,1,adaptive,"Omar Rahman, MD","Omar Rahman, MD","Omar Rahman, MD",True,True,0.0,1.0,96.423,0.097
FDA_3455_NCT04796896,FDA_3455,NCT04796896,topmostSubform[0].Page1[0].nameofstudy[0],derived_from_actual_public_protocol_metadata,1,raw,mRNA-1273-P204: Phase 2/3 Pediatric Vaccine Study,mRNA-1273-P204: Phase 2/3 Pediatric Vaccine Study,mRNA-1273-P204: Phase 2/3 Pediatric Vaccine Study,True,True,0.0,1.0,95.616,0.134
FDA_3455_NCT04796896,FDA_3455,NCT04796896,topmostSubform[0].Page1[0].nameofstudy[0],derived_from_actual_public_protocol_metadata,1,adaptive,mRNA-1273-P204: Phase 2/3 Pediatric Vaccine Study,mRNA-1273-P204: Phase 2/3 Pediatric Vaccine Study,mRNA-1273-P204: Phase 2/3 Pediatric Vaccine Study,True,True,0.0,1.0,95.478,0.1111
FDA_3455_NCT04796896,FDA_3455,NCT04796896,topmostSubform[0].Page1[0].nameofstudy2[0],derived_from_actual_public_protocol_metadata,1,raw,Children 6 Months to Less Than 12 Years (NCT04796896),Children 6 Months to Less Than 12 Years (NCT04796896),Children 6 Months to Less Than 12 Years (NCT04796896),True,True,0.0,1.0,95.291,0.1318
FDA_3455_NCT04796896,FDA_3455,NCT04796896,topmostSubform[0].Page1[0].nameofstudy2[0],derived_from_actual_public_protocol_metadata,1,adaptive,Children 6 Months to Less Than 12 Years (NCT04796896),Children 6 Months to Less Than 12 Years (NCT04796896),Children 6 Months to Less Than 12 Years (NCT04796896),True,True,0.0,1.0,93.035,0.1193
FDA_3455_NCT04796896,FDA_3455,NCT04796896,topmostSubform[0].Page1[0].appName[0],controlled_synthetic_test_value,1,raw,Taylor Rivera,Taylor Rivera,Taylor Rivera,True,True,0.0,1.0,96.203,0.1055
FDA_3455_NCT04796896,FDA_3455,NCT04796896,topmostSubform[0].Page1[0].appName[0],controlled_synthetic_test_value,1,adaptive,Taylor Rivera,Taylor Rivera,Taylor Rivera,True,True,0.0,1.0,96.184,0.0966
FDA_3455_NCT04796896,FDA_3455,NCT04796896,topmostSubform[0].Page1[0].appTitle[0],controlled_synthetic_test_value,1,raw,Clinical Compliance Manager,Clinical Compliance Manager,Clinical Compliance Manager,True,True,0.0,1.0,96.422,0.1152
FDA_3455_NCT04796896,FDA_3455,NCT04796896,topmostSubform[0].Page1[0].appTitle[0],controlled_synthetic_test_value,1,adaptive,Clinical Compliance Manager,Clinical Compliance Manager,Clinical Compliance Manager,True,True,0.0,1.0,96.51,0.1058
FDA_3455_NCT04796896,FDA_3455,NCT04796896,topmostSubform[0].Page1[0].appFirm[0],actual_public_protocol_metadata,1,raw,"ModernaTX, Inc.","ModernaTlX, Inc.","ModernaTX, Inc.",False,True,0.0,1.0,60.481,0.1237
FDA_3455_NCT04796896,FDA_3455,NCT04796896,topmostSubform[0].Page1[0].appFirm[0],actual_public_protocol_metadata,1,adaptive,"ModernaTX, Inc.","Modernal xX, Inc.","ModernaTX, Inc.",False,True,0.0,1.0,72.096,0.1126
FDA_3455_NCT04796896,FDA_3455,NCT04796896,topmostSubform[0].Page1[0].appSigDate[0],actual_public_protocol_metadata,1,raw,08/04/2022,08/04/2022,08/04/2022,True,True,0.0,1.0,96.395,0.1018
FDA_3455_NCT04796896,FDA_3455,NCT04796896,topmostSubform[0].Page1[0].appSigDate[0],actual_public_protocol_metadata,1,adaptive,08/04/2022,08/04/2022,08/04/2022,True,True,0.0,1.0,96.751,0.0899
