sample_id,source_group,condition,document_type,field_name,reference,prediction,exact_match,character_error_rate,character_accuracy,routed_correctly,extraction_method,warnings,raw_prediction,mean_ocr_confidence,value_source
NCT04796896_clinical_protocol_p001,NCT04796896,clean,CLINICAL_PROTOCOL,nct_id,NCT04796896,NCT04796896,True,0.0,1.0,True,OCR label anchors and regex,missing:nct_id,,,
NCT04796896_clinical_protocol_p001,NCT04796896,clean,CLINICAL_PROTOCOL,protocol_number,mRNA-1273-P204,mRNA-1273-P204,True,0.0,1.0,True,OCR label anchors and regex,missing:nct_id,,,
NCT04796896_clinical_protocol_p001,NCT04796896,clean,CLINICAL_PROTOCOL,sponsor_name,"ModernaTX, Inc.","ModernaTX, Inc.",True,0.0,1.0,True,OCR label anchors and regex,missing:nct_id,,,
NCT04796896_clinical_protocol_p001,NCT04796896,clean,CLINICAL_PROTOCOL,sponsor_address,"200 Technology Square Cambridge, MA 02139","200 Technology Square Cambridge, MA 02139",True,0.0,1.0,True,OCR label anchors and regex,missing:nct_id,,,
NCT04796896_clinical_protocol_p001,NCT04796896,clean,CLINICAL_PROTOCOL,amendment_number,9,9,True,0.0,1.0,True,OCR label anchors and regex,missing:nct_id,,,
NCT04796896_clinical_protocol_p001,NCT04796896,clean,CLINICAL_PROTOCOL,amendment_date,04 Aug 2022,04 Aug 2022,True,0.0,1.0,True,OCR label anchors and regex,missing:nct_id,,,
NCT04796896_clinical_protocol_p001,NCT04796896,clean,CLINICAL_PROTOCOL,protocol_title,"A Phase 2/3, Three-Part, Open-Label, Dose-Escalation, Age De-escalation and Randomized, Observer-Blind, Placebo-Controlled Expansion Study to Evaluate the Safety, Tolerability, Reactogenicity, and Effectiveness of mRNA-1273 SARS-CoV-2 Vaccine in Healthy Children 6 Months to Less Than 12 Years of Age","A Phase 2/3, Three-Part, Open-Label, Dose-Escalation, Age De-escalation and Randomized, Observer-Blind, Placebo-Controlled Expansion Study to Evaluate the Safety, Tolerability, Reactogenicity, and Effectiveness of mRNA-1273 SARS-CoV-2 Vaccine in Healthy Children 6 Months to Less Than 12 Years of Age",True,0.0,1.0,True,OCR label anchors and regex,missing:nct_id,,,
NCT04796896_clinical_protocol_p001,NCT04796896,clean,CLINICAL_PROTOCOL,phase,Phase 2/3,Phase 2/3,True,0.0,1.0,True,OCR label anchors and regex,missing:nct_id,,,
NCT04796896_clinical_protocol_p001,NCT04796896,rotation_1_5deg,CLINICAL_PROTOCOL,nct_id,NCT04796896,NCT04796896,True,0.0,1.0,True,OCR label anchors and regex,,,,
NCT04796896_clinical_protocol_p001,NCT04796896,rotation_1_5deg,CLINICAL_PROTOCOL,protocol_number,mRNA-1273-P204,mRNA-1273-P204,True,0.0,1.0,True,OCR label anchors and regex,,,,
NCT04796896_clinical_protocol_p001,NCT04796896,rotation_1_5deg,CLINICAL_PROTOCOL,sponsor_name,"ModernaTX, Inc.","ModernaTX, Inc.",True,0.0,1.0,True,OCR label anchors and regex,,,,
NCT04796896_clinical_protocol_p001,NCT04796896,rotation_1_5deg,CLINICAL_PROTOCOL,sponsor_address,"200 Technology Square Cambridge, MA 02139","200 Technology Square Cambridge, MA 02139",True,0.0,1.0,True,OCR label anchors and regex,,,,
NCT04796896_clinical_protocol_p001,NCT04796896,rotation_1_5deg,CLINICAL_PROTOCOL,amendment_number,9,9,True,0.0,1.0,True,OCR label anchors and regex,,,,
NCT04796896_clinical_protocol_p001,NCT04796896,rotation_1_5deg,CLINICAL_PROTOCOL,amendment_date,04 Aug 2022,04 Aug 2022,True,0.0,1.0,True,OCR label anchors and regex,,,,
NCT04796896_clinical_protocol_p001,NCT04796896,rotation_1_5deg,CLINICAL_PROTOCOL,protocol_title,"A Phase 2/3, Three-Part, Open-Label, Dose-Escalation, Age De-escalation and Randomized, Observer-Blind, Placebo-Controlled Expansion Study to Evaluate the Safety, Tolerability, Reactogenicity, and Effectiveness of mRNA-1273 SARS-CoV-2 Vaccine in Healthy Children 6 Months to Less Than 12 Years of Age","A Phase 2/3, Three-Part, Open-Label, Dose-Escalation, Age De-escalation and Randomized, Observer-Blind, Placebo-Controlled Expansion Study to Evaluate the Safety, Tolerability, Reactogenicity, and Effectiveness of mRNA-1273 SARS-CoV-2 Vaccine in Healthy Children 6 Months to Less Than 12 Years of Age",True,0.0,1.0,True,OCR label anchors and regex,,,,
NCT04796896_clinical_protocol_p001,NCT04796896,rotation_1_5deg,CLINICAL_PROTOCOL,phase,Phase 2/3,Phase 2/3,True,0.0,1.0,True,OCR label anchors and regex,,,,
NCT04796896_clinical_protocol_p001,NCT04796896,gaussian_blur,CLINICAL_PROTOCOL,nct_id,NCT04796896,NCT04796896,True,0.0,1.0,True,OCR label anchors and regex,,,,
NCT04796896_clinical_protocol_p001,NCT04796896,gaussian_blur,CLINICAL_PROTOCOL,protocol_number,mRNA-1273-P204,mRNA-1273-P204,True,0.0,1.0,True,OCR label anchors and regex,,,,
NCT04796896_clinical_protocol_p001,NCT04796896,gaussian_blur,CLINICAL_PROTOCOL,sponsor_name,"ModernaTX, Inc.","ModernaTX, Inc.",True,0.0,1.0,True,OCR label anchors and regex,,,,
NCT04796896_clinical_protocol_p001,NCT04796896,gaussian_blur,CLINICAL_PROTOCOL,sponsor_address,"200 Technology Square Cambridge, MA 02139","200 Technology Square Cambridge, MA 02139",True,0.0,1.0,True,OCR label anchors and regex,,,,
NCT04796896_clinical_protocol_p001,NCT04796896,gaussian_blur,CLINICAL_PROTOCOL,amendment_number,9,9,True,0.0,1.0,True,OCR label anchors and regex,,,,
NCT04796896_clinical_protocol_p001,NCT04796896,gaussian_blur,CLINICAL_PROTOCOL,amendment_date,04 Aug 2022,04 Aug 2022,True,0.0,1.0,True,OCR label anchors and regex,,,,
NCT04796896_clinical_protocol_p001,NCT04796896,gaussian_blur,CLINICAL_PROTOCOL,protocol_title,"A Phase 2/3, Three-Part, Open-Label, Dose-Escalation, Age De-escalation and Randomized, Observer-Blind, Placebo-Controlled Expansion Study to Evaluate the Safety, Tolerability, Reactogenicity, and Effectiveness of mRNA-1273 SARS-CoV-2 Vaccine in Healthy Children 6 Months to Less Than 12 Years of Age","A Phase 2/3, Three-Part, Open-Label, Dose-Escalation, Age De-escalation and Randomized, Observer-Blind, Placebo-Controlled Expansion Study to Evaluate the Safety, Tolerability, Reactogenicity, and Effectiveness of mRNA-1273 SARS-CoV-2 Vaccine in Healthy Children 6 Months to Less Than 12 Years of Age",True,0.0,1.0,True,OCR label anchors and regex,,,,
NCT04796896_clinical_protocol_p001,NCT04796896,gaussian_blur,CLINICAL_PROTOCOL,phase,Phase 2/3,Phase 2/3,True,0.0,1.0,True,OCR label anchors and regex,,,,
NCT04796896_clinical_protocol_p001,NCT04796896,gaussian_noise,CLINICAL_PROTOCOL,nct_id,NCT04796896,NCT04796896,True,0.0,1.0,True,OCR label anchors and regex,,,,
NCT04796896_clinical_protocol_p001,NCT04796896,gaussian_noise,CLINICAL_PROTOCOL,protocol_number,mRNA-1273-P204,mRNA-1273-P204,True,0.0,1.0,True,OCR label anchors and regex,,,,
NCT04796896_clinical_protocol_p001,NCT04796896,gaussian_noise,CLINICAL_PROTOCOL,sponsor_name,"ModernaTX, Inc.","ModernaTX, Inc.",True,0.0,1.0,True,OCR label anchors and regex,,,,
NCT04796896_clinical_protocol_p001,NCT04796896,gaussian_noise,CLINICAL_PROTOCOL,sponsor_address,"200 Technology Square Cambridge, MA 02139","200 Technology Square Cambridge, MA 02139",True,0.0,1.0,True,OCR label anchors and regex,,,,
NCT04796896_clinical_protocol_p001,NCT04796896,gaussian_noise,CLINICAL_PROTOCOL,amendment_number,9,9,True,0.0,1.0,True,OCR label anchors and regex,,,,
NCT04796896_clinical_protocol_p001,NCT04796896,gaussian_noise,CLINICAL_PROTOCOL,amendment_date,04 Aug 2022,04 Aug 2022,True,0.0,1.0,True,OCR label anchors and regex,,,,
NCT04796896_clinical_protocol_p001,NCT04796896,gaussian_noise,CLINICAL_PROTOCOL,protocol_title,"A Phase 2/3, Three-Part, Open-Label, Dose-Escalation, Age De-escalation and Randomized, Observer-Blind, Placebo-Controlled Expansion Study to Evaluate the Safety, Tolerability, Reactogenicity, and Effectiveness of mRNA-1273 SARS-CoV-2 Vaccine in Healthy Children 6 Months to Less Than 12 Years of Age","A Phase 2/3, Three-Part, Open-Label, Dose-Escalation, Age De-escalation and Randomized, Observer-Blind, Placebo-Controlled Expansion Study to Evaluate the Safety, Tolerability, Reactogenicity, and Effectiveness of mRNA-1273 SARS-CoV-2 Vaccine in Healthy Children 6 Months to Less Than 12 Years of Age",True,0.0,1.0,True,OCR label anchors and regex,,,,
NCT04796896_clinical_protocol_p001,NCT04796896,gaussian_noise,CLINICAL_PROTOCOL,phase,Phase 2/3,Phase 2/3,True,0.0,1.0,True,OCR label anchors and regex,,,,
NCT04796896_clinical_protocol_p001,NCT04796896,low_contrast,CLINICAL_PROTOCOL,nct_id,NCT04796896,NCT04796896,True,0.0,1.0,True,OCR label anchors and regex,missing:nct_id,,,
NCT04796896_clinical_protocol_p001,NCT04796896,low_contrast,CLINICAL_PROTOCOL,protocol_number,mRNA-1273-P204,mRNA-1273-P204,True,0.0,1.0,True,OCR label anchors and regex,missing:nct_id,,,
NCT04796896_clinical_protocol_p001,NCT04796896,low_contrast,CLINICAL_PROTOCOL,sponsor_name,"ModernaTX, Inc.","ModernaTX, Inc.",True,0.0,1.0,True,OCR label anchors and regex,missing:nct_id,,,
NCT04796896_clinical_protocol_p001,NCT04796896,low_contrast,CLINICAL_PROTOCOL,sponsor_address,"200 Technology Square Cambridge, MA 02139","200 Technology Square Cambridge, MA 02139",True,0.0,1.0,True,OCR label anchors and regex,missing:nct_id,,,
NCT04796896_clinical_protocol_p001,NCT04796896,low_contrast,CLINICAL_PROTOCOL,amendment_number,9,9,True,0.0,1.0,True,OCR label anchors and regex,missing:nct_id,,,
NCT04796896_clinical_protocol_p001,NCT04796896,low_contrast,CLINICAL_PROTOCOL,amendment_date,04 Aug 2022,04 Aug 2022,True,0.0,1.0,True,OCR label anchors and regex,missing:nct_id,,,
NCT04796896_clinical_protocol_p001,NCT04796896,low_contrast,CLINICAL_PROTOCOL,protocol_title,"A Phase 2/3, Three-Part, Open-Label, Dose-Escalation, Age De-escalation and Randomized, Observer-Blind, Placebo-Controlled Expansion Study to Evaluate the Safety, Tolerability, Reactogenicity, and Effectiveness of mRNA-1273 SARS-CoV-2 Vaccine in Healthy Children 6 Months to Less Than 12 Years of Age","A Phase 2/3, Three-Part, Open-Label, Dose-Escalation, Age De-escalation and Randomized, Observer-Blind, Placebo-Controlled Expansion Study to Evaluate the Safety, Tolerability, Reactogenicity, and Effectiveness of mRNA-1273 SARS-CoV-2 Vaccine in Healthy Children 6 Months to Less Than 12 Years of Age",True,0.0,1.0,True,OCR label anchors and regex,missing:nct_id,,,
NCT04796896_clinical_protocol_p001,NCT04796896,low_contrast,CLINICAL_PROTOCOL,phase,Phase 2/3,Phase 2/3,True,0.0,1.0,True,OCR label anchors and regex,missing:nct_id,,,
NCT04796896_clinical_protocol_p001,NCT04796896,directional_shadow,CLINICAL_PROTOCOL,nct_id,NCT04796896,NCT04796896,True,0.0,1.0,True,OCR label anchors and regex,,,,
NCT04796896_clinical_protocol_p001,NCT04796896,directional_shadow,CLINICAL_PROTOCOL,protocol_number,mRNA-1273-P204,mRNA-1273-P204,True,0.0,1.0,True,OCR label anchors and regex,,,,
NCT04796896_clinical_protocol_p001,NCT04796896,directional_shadow,CLINICAL_PROTOCOL,sponsor_name,"ModernaTX, Inc.","ModernaTX, Inc.",True,0.0,1.0,True,OCR label anchors and regex,,,,
NCT04796896_clinical_protocol_p001,NCT04796896,directional_shadow,CLINICAL_PROTOCOL,sponsor_address,"200 Technology Square Cambridge, MA 02139","200 Technology Square Cambridge, MA 02139",True,0.0,1.0,True,OCR label anchors and regex,,,,
NCT04796896_clinical_protocol_p001,NCT04796896,directional_shadow,CLINICAL_PROTOCOL,amendment_number,9,9,True,0.0,1.0,True,OCR label anchors and regex,,,,
NCT04796896_clinical_protocol_p001,NCT04796896,directional_shadow,CLINICAL_PROTOCOL,amendment_date,04 Aug 2022,04 Aug 2022,True,0.0,1.0,True,OCR label anchors and regex,,,,
NCT04796896_clinical_protocol_p001,NCT04796896,directional_shadow,CLINICAL_PROTOCOL,protocol_title,"A Phase 2/3, Three-Part, Open-Label, Dose-Escalation, Age De-escalation and Randomized, Observer-Blind, Placebo-Controlled Expansion Study to Evaluate the Safety, Tolerability, Reactogenicity, and Effectiveness of mRNA-1273 SARS-CoV-2 Vaccine in Healthy Children 6 Months to Less Than 12 Years of Age","A Phase 2/3, Three-Part, Open-Label, Dose-Escalation, Age De-escalation and Randomized, Observer-Blind, Placebo-Controlled Expansion Study to Evaluate the Safety, Tolerability, Reactogenicity, and Effectiveness of mRNA-1273 SARS-CoV-2 Vaccine in Healthy Children 6 Months to Less Than 12 Years of Age",True,0.0,1.0,True,OCR label anchors and regex,,,,
NCT04796896_clinical_protocol_p001,NCT04796896,directional_shadow,CLINICAL_PROTOCOL,phase,Phase 2/3,Phase 2/3,True,0.0,1.0,True,OCR label anchors and regex,,,,
NCT04796896_clinical_protocol_p001,NCT04796896,jpeg_compression,CLINICAL_PROTOCOL,nct_id,NCT04796896,NCT04796896,True,0.0,1.0,True,OCR label anchors and regex,,,,
NCT04796896_clinical_protocol_p001,NCT04796896,jpeg_compression,CLINICAL_PROTOCOL,protocol_number,mRNA-1273-P204,mRNA-1273-P204,True,0.0,1.0,True,OCR label anchors and regex,,,,
NCT04796896_clinical_protocol_p001,NCT04796896,jpeg_compression,CLINICAL_PROTOCOL,sponsor_name,"ModernaTX, Inc.","ModernaTX, Inc.",True,0.0,1.0,True,OCR label anchors and regex,,,,
NCT04796896_clinical_protocol_p001,NCT04796896,jpeg_compression,CLINICAL_PROTOCOL,sponsor_address,"200 Technology Square Cambridge, MA 02139","200 Technology Square Cambridge, MA 02139",True,0.0,1.0,True,OCR label anchors and regex,,,,
NCT04796896_clinical_protocol_p001,NCT04796896,jpeg_compression,CLINICAL_PROTOCOL,amendment_number,9,9,True,0.0,1.0,True,OCR label anchors and regex,,,,
NCT04796896_clinical_protocol_p001,NCT04796896,jpeg_compression,CLINICAL_PROTOCOL,amendment_date,04 Aug 2022,04 Aug 2022,True,0.0,1.0,True,OCR label anchors and regex,,,,
NCT04796896_clinical_protocol_p001,NCT04796896,jpeg_compression,CLINICAL_PROTOCOL,protocol_title,"A Phase 2/3, Three-Part, Open-Label, Dose-Escalation, Age De-escalation and Randomized, Observer-Blind, Placebo-Controlled Expansion Study to Evaluate the Safety, Tolerability, Reactogenicity, and Effectiveness of mRNA-1273 SARS-CoV-2 Vaccine in Healthy Children 6 Months to Less Than 12 Years of Age","A Phase 2/3, Three-Part, Open-Label, Dose-Escalation, Age De-escalation and Randomized, Observer-Blind, Placebo-Controlled Expansion Study to Evaluate the Safety, Tolerability, Reactogenicity, and Effectiveness of mRNA-1273 SARS-CoV-2 Vaccine in Healthy Children 6 Months to Less Than 12 Years of Age",True,0.0,1.0,True,OCR label anchors and regex,,,,
NCT04796896_clinical_protocol_p001,NCT04796896,jpeg_compression,CLINICAL_PROTOCOL,phase,Phase 2/3,Phase 2/3,True,0.0,1.0,True,OCR label anchors and regex,,,,
NCT04796896_clinical_protocol_p001,NCT04796896,combined_moderate,CLINICAL_PROTOCOL,nct_id,NCT04796896,NCT04796896,True,0.0,1.0,True,OCR label anchors and regex,,,,
NCT04796896_clinical_protocol_p001,NCT04796896,combined_moderate,CLINICAL_PROTOCOL,protocol_number,mRNA-1273-P204,mRNA-1273-P204,True,0.0,1.0,True,OCR label anchors and regex,,,,
NCT04796896_clinical_protocol_p001,NCT04796896,combined_moderate,CLINICAL_PROTOCOL,sponsor_name,"ModernaTX, Inc.","ModernaTX, Inc.",True,0.0,1.0,True,OCR label anchors and regex,,,,
NCT04796896_clinical_protocol_p001,NCT04796896,combined_moderate,CLINICAL_PROTOCOL,sponsor_address,"200 Technology Square Cambridge, MA 02139","200 Technology Square Cambridge, MA 02139",True,0.0,1.0,True,OCR label anchors and regex,,,,
NCT04796896_clinical_protocol_p001,NCT04796896,combined_moderate,CLINICAL_PROTOCOL,amendment_number,9,9,True,0.0,1.0,True,OCR label anchors and regex,,,,
NCT04796896_clinical_protocol_p001,NCT04796896,combined_moderate,CLINICAL_PROTOCOL,amendment_date,04 Aug 2022,04 Aug 2022,True,0.0,1.0,True,OCR label anchors and regex,,,,
NCT04796896_clinical_protocol_p001,NCT04796896,combined_moderate,CLINICAL_PROTOCOL,protocol_title,"A Phase 2/3, Three-Part, Open-Label, Dose-Escalation, Age De-escalation and Randomized, Observer-Blind, Placebo-Controlled Expansion Study to Evaluate the Safety, Tolerability, Reactogenicity, and Effectiveness of mRNA-1273 SARS-CoV-2 Vaccine in Healthy Children 6 Months to Less Than 12 Years of Age","A Phase 2/3, Three-Part, Open-Label, Dose-Escalation, Age De-escalation and Randomized, Observer-Blind, Placebo-Controlled Expansion Study to Evaluate the Safety, Tolerability, Reactogenicity, and Effectiveness of mRNA-1273 SARS-CoV-2 Vaccine in Healthy Children 6 Months to Less Than 12 Years of Age",True,0.0,1.0,True,OCR label anchors and regex,,,,
NCT04796896_clinical_protocol_p001,NCT04796896,combined_moderate,CLINICAL_PROTOCOL,phase,Phase 2/3,Phase 2/3,True,0.0,1.0,True,OCR label anchors and regex,,,,
FDA_1572_NCT04796896_p001,NCT04796896,clean,FDA_1572,db_invest_name,"Omar Rahman, MD","Omar Rahman, MD",True,0.0,1.0,True,template coordinates + OCR + schema validation,,"Omar Rahman, MD",95.94137566666667,controlled_synthetic_test_value
FDA_1572_NCT04796896_p001,NCT04796896,clean,FDA_1572,db_inv_address1,725 Research Boulevard,725 Research Boulevard,True,0.0,1.0,True,template coordinates + OCR + schema validation,,725 Research Boulevard,96.26569366666666,controlled_synthetic_test_value
FDA_1572_NCT04796896_p001,NCT04796896,clean,FDA_1572,db_inv_zip,02145,02145,True,0.0,1.0,True,template coordinates + OCR + schema validation,,02145,96.37146,controlled_synthetic_test_value
FDA_1572_NCT04796896_p001,NCT04796896,clean,FDA_1572,db_loc_name,Pediatric Vaccine Research Unit,Pediatric Vaccine Research Unit .,True,0.0,1.0,True,template coordinates + OCR + schema validation,,Pediatric Vaccine Research Unit .,80.1333876,controlled_synthetic_test_value
FDA_1572_NCT04796896_p001,NCT04796896,clean,FDA_1572,db_lab_name,Northeast Bioanalytical Laboratory,Northeast Bioanalytical Laboratory,True,0.0,1.0,True,template coordinates + OCR + schema validation,,Northeast Bioanalytical Laboratory,96.45321133333333,controlled_synthetic_test_value
FDA_1572_NCT04796896_p001,NCT04796896,clean,FDA_1572,db_irb_name,Regional Human Research Board,Regional Human Research Board,True,0.0,1.0,True,template coordinates + OCR + schema validation,,Regional Human Research Board,95.42138875,controlled_synthetic_test_value
FDA_1572_NCT04796896_p001,NCT04796896,clean,FDA_1572,db_sub_inv_names,"Sophia Kim, MD; Lucas Martin, MD","Sophia Kim, MD; Lucas Martin, MD",True,0.0,1.0,True,template coordinates + OCR + schema validation,,"Sophia Kim, MD; Lucas Martin, MD",96.42623149999999,controlled_synthetic_test_value
FDA_1572_NCT04796896_p001,NCT04796896,clean,FDA_1572,db_prot_name_code,"mRNA-1273-P204 - A Phase 2/3, Three-Part, Open-Label, Dose-Escalation, Age De-escalation and Randomized, Observer-Blind, Placebo-Controlled Expansion Study to Evaluate the Safety, Tolerability, Reactogenicity, and Effectiveness of mRNA-1273 SARS-CoV-2 Vaccine in Healthy Children 6 Months to Less Than 12 Years of Age","mRNA-1273-P204 - A Phase 2/3, Three-Part, Open-Label, Dose-Escalation, Age De-escalation and Randomized, Observer-Blind, Placebo-Controlled Expansion Study to Evaluate the Safety, Tolerability, Reactogenicity, and Effectiveness of mRNA-1273 SARS-CoV-2 Vaccine in Healthy Children 6 Months to Less Than 12 Years of Age",True,0.0,1.0,True,template coordinates + OCR + schema validation,,"mRNA-1273-P204 - A Phase 2/3, Three-Part, Open-Label, Dose-Escalation, Age De-escalation and Randomized, Observer-Blind, Placebo-Controlled Expansion Study to Evaluate the
Safety, Tolerability, Reactogenicity, and Effectiveness of mRNA-1273 SARS-CoV-2 Vaccine in Healthy Children 6 Months to Less Than 12 Years of Age",94.21629505,derived_from_actual_public_protocol_metadata
FDA_1572_NCT04796896_p001,NCT04796896,rotation_1_5deg,FDA_1572,db_invest_name,"Omar Rahman, MD","Omar Rahman, MD",True,0.0,1.0,True,template coordinates + OCR + schema validation,,"Omar Rahman, MD",96.25614166666666,controlled_synthetic_test_value
FDA_1572_NCT04796896_p001,NCT04796896,rotation_1_5deg,FDA_1572,db_inv_address1,725 Research Boulevard,725 Research Boulevard,True,0.0,1.0,True,template coordinates + OCR + schema validation,,725 Research Boulevard,96.40170033333334,controlled_synthetic_test_value
FDA_1572_NCT04796896_p001,NCT04796896,rotation_1_5deg,FDA_1572,db_inv_zip,02145,02145,True,0.0,1.0,True,template coordinates + OCR + schema validation,,02145,95.867279,controlled_synthetic_test_value
FDA_1572_NCT04796896_p001,NCT04796896,rotation_1_5deg,FDA_1572,db_loc_name,Pediatric Vaccine Research Unit,Pediatric Vaccine Research Unit .,True,0.0,1.0,True,template coordinates + OCR + schema validation,,Pediatric Vaccine Research Unit .,78.4866074,controlled_synthetic_test_value
FDA_1572_NCT04796896_p001,NCT04796896,rotation_1_5deg,FDA_1572,db_lab_name,Northeast Bioanalytical Laboratory,Northeast Bioanalytical Laboratory,True,0.0,1.0,True,template coordinates + OCR + schema validation,,Northeast Bioanalytical Laboratory,96.23381266666667,controlled_synthetic_test_value
FDA_1572_NCT04796896_p001,NCT04796896,rotation_1_5deg,FDA_1572,db_irb_name,Regional Human Research Board,Regional Human Research Board,True,0.0,1.0,True,template coordinates + OCR + schema validation,,Regional Human Research Board,96.31986225,controlled_synthetic_test_value
FDA_1572_NCT04796896_p001,NCT04796896,rotation_1_5deg,FDA_1572,db_sub_inv_names,"Sophia Kim, MD; Lucas Martin, MD","Sophia Kim, MD; Lucas Martin, MD",True,0.0,1.0,True,template coordinates + OCR + schema validation,,"Sophia Kim, MD; Lucas Martin, MD",96.28642400000001,controlled_synthetic_test_value
FDA_1572_NCT04796896_p001,NCT04796896,rotation_1_5deg,FDA_1572,db_prot_name_code,"mRNA-1273-P204 - A Phase 2/3, Three-Part, Open-Label, Dose-Escalation, Age De-escalation and Randomized, Observer-Blind, Placebo-Controlled Expansion Study to Evaluate the Safety, Tolerability, Reactogenicity, and Effectiveness of mRNA-1273 SARS-CoV-2 Vaccine in Healthy Children 6 Months to Less Than 12 Years of Age","mRNA-1273-P204 - A Phase 2/3, Three-Part, Open-Label, Dose-Escalation, Age De-escalation and Randomized, Observer-Blind, Placebo-Controlled Expansion Study to Evaluate the Safety, Tolerability, Reactogenicity, and Effectiveness of mRNA-1273 SARS-CoV-2 Vaccine in Healthy Children 6 Months to Less Than 12 Years of Age",True,0.0,1.0,True,template coordinates + OCR + schema validation,,"mRNA-1273-P204 - A Phase 2/3, Three-Part, Open-Label, Dose-Escalation, Age De-escalation and Randomized, Observer-Blind, Placebo-Controlled Expansion Study to Evaluate the
Safety, Tolerability, Reactogenicity, and Effectiveness of mRNA-1273 SARS-CoV-2 Vaccine in Healthy Children 6 Months to Less Than 12 Years of Age",93.300782625,derived_from_actual_public_protocol_metadata
FDA_1572_NCT04796896_p001,NCT04796896,gaussian_blur,FDA_1572,db_invest_name,"Omar Rahman, MD","Omar Rahman, MD",True,0.0,1.0,True,template coordinates + OCR + schema validation,,"Omar Rahman, MD",95.77742733333332,controlled_synthetic_test_value
FDA_1572_NCT04796896_p001,NCT04796896,gaussian_blur,FDA_1572,db_inv_address1,725 Research Boulevard,725 Research Boulevard,True,0.0,1.0,True,template coordinates + OCR + schema validation,,725 Research Boulevard,96.47514333333334,controlled_synthetic_test_value
FDA_1572_NCT04796896_p001,NCT04796896,gaussian_blur,FDA_1572,db_inv_zip,02145,02145,True,0.0,1.0,True,template coordinates + OCR + schema validation,,02145,96.256081,controlled_synthetic_test_value
FDA_1572_NCT04796896_p001,NCT04796896,gaussian_blur,FDA_1572,db_loc_name,Pediatric Vaccine Research Unit,Pediatric Vaccine Research Unit .,True,0.0,1.0,True,template coordinates + OCR + schema validation,,Pediatric Vaccine Research Unit .,78.7863174,controlled_synthetic_test_value
FDA_1572_NCT04796896_p001,NCT04796896,gaussian_blur,FDA_1572,db_lab_name,Northeast Bioanalytical Laboratory,Northeast Bioanalytical Laboratory,True,0.0,1.0,True,template coordinates + OCR + schema validation,,Northeast Bioanalytical Laboratory,96.17110933333333,controlled_synthetic_test_value
FDA_1572_NCT04796896_p001,NCT04796896,gaussian_blur,FDA_1572,db_irb_name,Regional Human Research Board,Regional Human Research Board,True,0.0,1.0,True,template coordinates + OCR + schema validation,,Regional Human Research Board,96.29936599999999,controlled_synthetic_test_value
FDA_1572_NCT04796896_p001,NCT04796896,gaussian_blur,FDA_1572,db_sub_inv_names,"Sophia Kim, MD; Lucas Martin, MD","Sophia Kim, MD; Lucas Martin, MD",True,0.0,1.0,True,template coordinates + OCR + schema validation,,"Sophia Kim, MD; Lucas Martin, MD",96.55352400000002,controlled_synthetic_test_value
FDA_1572_NCT04796896_p001,NCT04796896,gaussian_blur,FDA_1572,db_prot_name_code,"mRNA-1273-P204 - A Phase 2/3, Three-Part, Open-Label, Dose-Escalation, Age De-escalation and Randomized, Observer-Blind, Placebo-Controlled Expansion Study to Evaluate the Safety, Tolerability, Reactogenicity, and Effectiveness of mRNA-1273 SARS-CoV-2 Vaccine in Healthy Children 6 Months to Less Than 12 Years of Age","mRNA-1273-P204 - A Phase 2/3, Three-Part, Open-Label, Dose-Escalation, Age De-escalation and Randomized, Observer-Blind, Placebo-Controlled Expansion Study to Evaluate the Safety, Tolerability, Reactogenicity, and Effectiveness of mRNA-1273 SARS-CoV-2 Vaccine in Healthy Children 6 Months to Less Than 12 Years of Age",True,0.0,1.0,True,template coordinates + OCR + schema validation,,"mRNA-1273-P204 - A Phase 2/3, Three-Part, Open-Label, Dose-Escalation, Age De-escalation and Randomized, Observer-Blind, Placebo-Controlled Expansion Study to Evaluate the
Safety, Tolerability, Reactogenicity, and Effectiveness of mRNA-1273 SARS-CoV-2 Vaccine in Healthy Children 6 Months to Less Than 12 Years of Age",94.77576730000001,derived_from_actual_public_protocol_metadata
FDA_1572_NCT04796896_p001,NCT04796896,gaussian_noise,FDA_1572,db_invest_name,"Omar Rahman, MD","Omar Rahman, MD",True,0.0,1.0,True,template coordinates + OCR + schema validation,,"Omar Rahman, MD",96.06056699999999,controlled_synthetic_test_value
FDA_1572_NCT04796896_p001,NCT04796896,gaussian_noise,FDA_1572,db_inv_address1,725 Research Boulevard,725 Research Boulevard,True,0.0,1.0,True,template coordinates + OCR + schema validation,,725 Research Boulevard,96.50856533333335,controlled_synthetic_test_value
FDA_1572_NCT04796896_p001,NCT04796896,gaussian_noise,FDA_1572,db_inv_zip,02145,02145,True,0.0,1.0,True,template coordinates + OCR + schema validation,,02145,96.356316,controlled_synthetic_test_value
FDA_1572_NCT04796896_p001,NCT04796896,gaussian_noise,FDA_1572,db_loc_name,Pediatric Vaccine Research Unit,Pediatric Vaccine Research Unit,True,0.0,1.0,True,template coordinates + OCR + schema validation,,Pediatric Vaccine Research Unit,96.74909775,controlled_synthetic_test_value
FDA_1572_NCT04796896_p001,NCT04796896,gaussian_noise,FDA_1572,db_lab_name,Northeast Bioanalytical Laboratory,Northeast Bioanalytical Laboratory,True,0.0,1.0,True,template coordinates + OCR + schema validation,,Northeast Bioanalytical Laboratory,96.43906133333333,controlled_synthetic_test_value
FDA_1572_NCT04796896_p001,NCT04796896,gaussian_noise,FDA_1572,db_irb_name,Regional Human Research Board,Regional Human Research Board,True,0.0,1.0,True,template coordinates + OCR + schema validation,,Regional Human Research Board,96.247553,controlled_synthetic_test_value
FDA_1572_NCT04796896_p001,NCT04796896,gaussian_noise,FDA_1572,db_sub_inv_names,"Sophia Kim, MD; Lucas Martin, MD","Sophia Kim, MD; Lucas Martin, MD",True,0.0,1.0,True,template coordinates + OCR + schema validation,,"Sophia Kim, MD; Lucas Martin, MD",95.97488033333333,controlled_synthetic_test_value
FDA_1572_NCT04796896_p001,NCT04796896,gaussian_noise,FDA_1572,db_prot_name_code,"mRNA-1273-P204 - A Phase 2/3, Three-Part, Open-Label, Dose-Escalation, Age De-escalation and Randomized, Observer-Blind, Placebo-Controlled Expansion Study to Evaluate the Safety, Tolerability, Reactogenicity, and Effectiveness of mRNA-1273 SARS-CoV-2 Vaccine in Healthy Children 6 Months to Less Than 12 Years of Age","mRNA-1273-P204 - A Phase 2/3, Three-Part, Open-Label, Dose-Escalation, Age De-escalation and Randomized, Observer-Blind, Placebo-Controlled Expansion Study to Evaluate the Safety, Tolerability, Reactogenicity, and Effectiveness of mRNA-1273 SARS-CoV-2 Vaccine in Healthy Children 6 Months to Less Than 12 Years of Age",True,0.0,1.0,True,template coordinates + OCR + schema validation,,"mRNA-1273-P204 - A Phase 2/3, Three-Part, Open-Label, Dose-Escalation, Age De-escalation and Randomized, Observer-Blind, Placebo-Controlled Expansion Study to Evaluate the
Safety, Tolerability, Reactogenicity, and Effectiveness of mRNA-1273 SARS-CoV-2 Vaccine in Healthy Children 6 Months to Less Than 12 Years of Age",94.09244595,derived_from_actual_public_protocol_metadata
FDA_1572_NCT04796896_p001,NCT04796896,low_contrast,FDA_1572,db_invest_name,"Omar Rahman, MD","Omar Rahman, MD",True,0.0,1.0,True,template coordinates + OCR + schema validation,,"Omar Rahman, MD",96.23816933333335,controlled_synthetic_test_value
FDA_1572_NCT04796896_p001,NCT04796896,low_contrast,FDA_1572,db_inv_address1,725 Research Boulevard,725 Research Boulevard,True,0.0,1.0,True,template coordinates + OCR + schema validation,,725 Research Boulevard,96.23842866666668,controlled_synthetic_test_value
FDA_1572_NCT04796896_p001,NCT04796896,low_contrast,FDA_1572,db_inv_zip,02145,02145,True,0.0,1.0,True,template coordinates + OCR + schema validation,,02145,96.139122,controlled_synthetic_test_value
FDA_1572_NCT04796896_p001,NCT04796896,low_contrast,FDA_1572,db_loc_name,Pediatric Vaccine Research Unit,Pediatric Vaccine Research Unit .,True,0.0,1.0,True,template coordinates + OCR + schema validation,,Pediatric Vaccine Research Unit .,77.3858656,controlled_synthetic_test_value
FDA_1572_NCT04796896_p001,NCT04796896,low_contrast,FDA_1572,db_lab_name,Northeast Bioanalytical Laboratory,Northeast Bioanalytical Laboratory,True,0.0,1.0,True,template coordinates + OCR + schema validation,,Northeast Bioanalytical Laboratory,96.34206633333334,controlled_synthetic_test_value
FDA_1572_NCT04796896_p001,NCT04796896,low_contrast,FDA_1572,db_irb_name,Regional Human Research Board,Regional Human Research Board,True,0.0,1.0,True,template coordinates + OCR + schema validation,,Regional Human Research Board,96.36236199999999,controlled_synthetic_test_value
FDA_1572_NCT04796896_p001,NCT04796896,low_contrast,FDA_1572,db_sub_inv_names,"Sophia Kim, MD; Lucas Martin, MD","Sophia Kim, MD; Lucas Martin, MD",True,0.0,1.0,True,template coordinates + OCR + schema validation,,"Sophia Kim, MD; Lucas Martin, MD",96.5363985,controlled_synthetic_test_value
FDA_1572_NCT04796896_p001,NCT04796896,low_contrast,FDA_1572,db_prot_name_code,"mRNA-1273-P204 - A Phase 2/3, Three-Part, Open-Label, Dose-Escalation, Age De-escalation and Randomized, Observer-Blind, Placebo-Controlled Expansion Study to Evaluate the Safety, Tolerability, Reactogenicity, and Effectiveness of mRNA-1273 SARS-CoV-2 Vaccine in Healthy Children 6 Months to Less Than 12 Years of Age","mRNA-1273-P204 - A Phase 2/3, Three-Part, Open-Label, Dose-Escalation, Age De-escalation and Randomized, Observer-Blind, Placebo-Controlled Expansion Study to Evaluate the Safety, Tolerability, Reactogenicity, and Effectiveness of mRNA-1273 SARS-CoV-2 Vaccine in Healthy Children 6 Months to Less Than 12 Years of Age",True,0.0,1.0,True,template coordinates + OCR + schema validation,,"mRNA-1273-P204 - A Phase 2/3, Three-Part, Open-Label, Dose-Escalation, Age De-escalation and Randomized, Observer-Blind, Placebo-Controlled Expansion Study to Evaluate the
Safety, Tolerability, Reactogenicity, and Effectiveness of mRNA-1273 SARS-CoV-2 Vaccine in Healthy Children 6 Months to Less Than 12 Years of Age",94.187831125,derived_from_actual_public_protocol_metadata
FDA_1572_NCT04796896_p001,NCT04796896,directional_shadow,FDA_1572,db_invest_name,"Omar Rahman, MD","Omar Rahman, MD",True,0.0,1.0,True,template coordinates + OCR + schema validation,,"Omar Rahman, MD",96.31322733333333,controlled_synthetic_test_value
FDA_1572_NCT04796896_p001,NCT04796896,directional_shadow,FDA_1572,db_inv_address1,725 Research Boulevard,725 Research Boulevard,True,0.0,1.0,True,template coordinates + OCR + schema validation,,725 Research Boulevard,96.08459,controlled_synthetic_test_value
FDA_1572_NCT04796896_p001,NCT04796896,directional_shadow,FDA_1572,db_inv_zip,02145,02145,True,0.0,1.0,True,template coordinates + OCR + schema validation,,02145,96.368149,controlled_synthetic_test_value
FDA_1572_NCT04796896_p001,NCT04796896,directional_shadow,FDA_1572,db_loc_name,Pediatric Vaccine Research Unit,Pediatric Vaccine Research Unit .,True,0.0,1.0,True,template coordinates + OCR + schema validation,,Pediatric Vaccine Research Unit .,77.37623740000001,controlled_synthetic_test_value
FDA_1572_NCT04796896_p001,NCT04796896,directional_shadow,FDA_1572,db_lab_name,Northeast Bioanalytical Laboratory,Northeast Bioanalytical Laboratory,True,0.0,1.0,True,template coordinates + OCR + schema validation,,Northeast Bioanalytical Laboratory,96.29476666666666,controlled_synthetic_test_value
FDA_1572_NCT04796896_p001,NCT04796896,directional_shadow,FDA_1572,db_irb_name,Regional Human Research Board,Regional Human Research Board,True,0.0,1.0,True,template coordinates + OCR + schema validation,,Regional Human Research Board,96.47111325,controlled_synthetic_test_value
FDA_1572_NCT04796896_p001,NCT04796896,directional_shadow,FDA_1572,db_sub_inv_names,"Sophia Kim, MD; Lucas Martin, MD","Sophia Kim, MD; Lucas Martin, MD",True,0.0,1.0,True,template coordinates + OCR + schema validation,,"Sophia Kim, MD; Lucas Martin, MD",96.49467083333336,controlled_synthetic_test_value
FDA_1572_NCT04796896_p001,NCT04796896,directional_shadow,FDA_1572,db_prot_name_code,"mRNA-1273-P204 - A Phase 2/3, Three-Part, Open-Label, Dose-Escalation, Age De-escalation and Randomized, Observer-Blind, Placebo-Controlled Expansion Study to Evaluate the Safety, Tolerability, Reactogenicity, and Effectiveness of mRNA-1273 SARS-CoV-2 Vaccine in Healthy Children 6 Months to Less Than 12 Years of Age","mRNA-1273-P204 - A Phase 2/3, Three-Part, Open-Label, Dose-Escalation, Age De-escalation and Randomized, Observer-Blind, Placebo-Controlled Expansion Study to Evaluate the Safety, Tolerability, Reactogenicity, and Effectiveness of mRNA-1273 SARS-CoV-2 Vaccine in Healthy Children 6 Months to Less Than 12 Years of Age",True,0.0,1.0,True,template coordinates + OCR + schema validation,,"mRNA-1273-P204 - A Phase 2/3, Three-Part, Open-Label, Dose-Escalation, Age De-escalation and Randomized, Observer-Blind, Placebo-Controlled Expansion Study to Evaluate the
Safety, Tolerability, Reactogenicity, and Effectiveness of mRNA-1273 SARS-CoV-2 Vaccine in Healthy Children 6 Months to Less Than 12 Years of Age",94.402381875,derived_from_actual_public_protocol_metadata
FDA_1572_NCT04796896_p001,NCT04796896,jpeg_compression,FDA_1572,db_invest_name,"Omar Rahman, MD","Omar Rahman, MD",True,0.0,1.0,True,template coordinates + OCR + schema validation,,"Omar Rahman, MD",95.34373433333333,controlled_synthetic_test_value
FDA_1572_NCT04796896_p001,NCT04796896,jpeg_compression,FDA_1572,db_inv_address1,725 Research Boulevard,725 Research Boulevard,True,0.0,1.0,True,template coordinates + OCR + schema validation,,725 Research Boulevard,96.63600666666667,controlled_synthetic_test_value
FDA_1572_NCT04796896_p001,NCT04796896,jpeg_compression,FDA_1572,db_inv_zip,02145,02145,True,0.0,1.0,True,template coordinates + OCR + schema validation,,02145,96.22139,controlled_synthetic_test_value
FDA_1572_NCT04796896_p001,NCT04796896,jpeg_compression,FDA_1572,db_loc_name,Pediatric Vaccine Research Unit,Pediatric Vaccine Research Unit .,True,0.0,1.0,True,template coordinates + OCR + schema validation,,Pediatric Vaccine Research Unit .,77.3489014,controlled_synthetic_test_value
FDA_1572_NCT04796896_p001,NCT04796896,jpeg_compression,FDA_1572,db_lab_name,Northeast Bioanalytical Laboratory,Northeast Bioanalytical Laboratory,True,0.0,1.0,True,template coordinates + OCR + schema validation,,Northeast Bioanalytical Laboratory,96.29008766666668,controlled_synthetic_test_value
FDA_1572_NCT04796896_p001,NCT04796896,jpeg_compression,FDA_1572,db_irb_name,Regional Human Research Board,Regional Human Research Board,True,0.0,1.0,True,template coordinates + OCR + schema validation,,Regional Human Research Board,95.92372325,controlled_synthetic_test_value
FDA_1572_NCT04796896_p001,NCT04796896,jpeg_compression,FDA_1572,db_sub_inv_names,"Sophia Kim, MD; Lucas Martin, MD","Sophia Kim, MD; Lucas Martin, MD",True,0.0,1.0,True,template coordinates + OCR + schema validation,,"Sophia Kim, MD; Lucas Martin, MD",96.38680116666666,controlled_synthetic_test_value
FDA_1572_NCT04796896_p001,NCT04796896,jpeg_compression,FDA_1572,db_prot_name_code,"mRNA-1273-P204 - A Phase 2/3, Three-Part, Open-Label, Dose-Escalation, Age De-escalation and Randomized, Observer-Blind, Placebo-Controlled Expansion Study to Evaluate the Safety, Tolerability, Reactogenicity, and Effectiveness of mRNA-1273 SARS-CoV-2 Vaccine in Healthy Children 6 Months to Less Than 12 Years of Age","mRNA-1273-P204 - A Phase 2/3, Three-Part, Open-Label, Dose-Escalation, Age De-escalation and Randomized, Observer-Blind, Placebo-Controlled Expansion Study to Evaluate the Safety, Tolerability, Reactogenicity, and Effectiveness of mRNA-1273 SARS-CoV-2 Vaccine in Healthy Children 6 Months to Less Than 12 Years of Age",True,0.0,1.0,True,template coordinates + OCR + schema validation,,"mRNA-1273-P204 - A Phase 2/3, Three-Part, Open-Label, Dose-Escalation, Age De-escalation and Randomized, Observer-Blind, Placebo-Controlled Expansion Study to Evaluate the
Safety, Tolerability, Reactogenicity, and Effectiveness of mRNA-1273 SARS-CoV-2 Vaccine in Healthy Children 6 Months to Less Than 12 Years of Age",94.58016707499999,derived_from_actual_public_protocol_metadata
FDA_1572_NCT04796896_p001,NCT04796896,combined_moderate,FDA_1572,db_invest_name,"Omar Rahman, MD","Omar Rahman, MD",True,0.0,1.0,True,template coordinates + OCR + schema validation,,"Omar Rahman, MD",96.369016,controlled_synthetic_test_value
FDA_1572_NCT04796896_p001,NCT04796896,combined_moderate,FDA_1572,db_inv_address1,725 Research Boulevard,725 Research Boulevard,True,0.0,1.0,True,template coordinates + OCR + schema validation,,725 Research Boulevard,96.450671,controlled_synthetic_test_value
FDA_1572_NCT04796896_p001,NCT04796896,combined_moderate,FDA_1572,db_inv_zip,02145,02145,True,0.0,1.0,True,template coordinates + OCR + schema validation,,02145,96.450798,controlled_synthetic_test_value
FDA_1572_NCT04796896_p001,NCT04796896,combined_moderate,FDA_1572,db_loc_name,Pediatric Vaccine Research Unit,Pediatric Vaccine Research Unit ;,True,0.0,1.0,True,template coordinates + OCR + schema validation,,Pediatric Vaccine Research Unit ;,85.9704988,controlled_synthetic_test_value
FDA_1572_NCT04796896_p001,NCT04796896,combined_moderate,FDA_1572,db_lab_name,Northeast Bioanalytical Laboratory,Northeast Bioanalytical Laboratory,True,0.0,1.0,True,template coordinates + OCR + schema validation,,Northeast Bioanalytical Laboratory,96.42879733333332,controlled_synthetic_test_value
FDA_1572_NCT04796896_p001,NCT04796896,combined_moderate,FDA_1572,db_irb_name,Regional Human Research Board,Regional Human Research Board i,False,0.038461538461538464,0.9615384615384616,True,template coordinates + OCR + schema validation,,Regional Human Research Board i,88.0851828,controlled_synthetic_test_value
FDA_1572_NCT04796896_p001,NCT04796896,combined_moderate,FDA_1572,db_sub_inv_names,"Sophia Kim, MD; Lucas Martin, MD",< Ma OEE ESF UST Si ee eae : Vlg 8c Sarge al eae oe react Seve: wae Se sp ay SA doe - met dal pire Neon as ee ‘ Beg oes eco tty 2 Sh By,False,3.4166666666666665,0.0,True,template coordinates + OCR + schema validation,,"< Ma OEE ESF UST Si ee eae
: Vlg 8c Sarge al eae oe react Seve: wae Se sp ay SA doe
- met dal pire Neon as ee ‘ Beg oes eco tty 2 Sh By",21.35239205263158,controlled_synthetic_test_value
FDA_1572_NCT04796896_p001,NCT04796896,combined_moderate,FDA_1572,db_prot_name_code,"mRNA-1273-P204 - A Phase 2/3, Three-Part, Open-Label, Dose-Escalation, Age De-escalation and Randomized, Observer-Blind, Placebo-Controlled Expansion Study to Evaluate the Safety, Tolerability, Reactogenicity, and Effectiveness of mRNA-1273 SARS-CoV-2 Vaccine in Healthy Children 6 Months to Less Than 12 Years of Age","mRNA-1273-P204 - A Phase 2/3, Three-Part, Open-Label, Dose-Escalation, Age De-escalation and Randomized, Observer-Blind, Placebo-Controlled Expansion Study to Evaluate the Safety, Tolerability, Reactogenicity, and Effectiveness of mRNA-1273 SARS-CoV-2 Vaccine in Healthy Children 6 Months to Less Than 12 Years of Age",True,0.0,1.0,True,template coordinates + OCR + schema validation,,"mRNA-1273-P204 - A Phase 2/3, Three-Part, Open-Label, Dose-Escalation, Age De-escalation and Randomized, Observer-Blind, Placebo-Controlled Expansion Study to Evaluate the
Safety, Tolerability, Reactogenicity, and Effectiveness of mRNA-1273 SARS-CoV-2 Vaccine in Healthy Children 6 Months to Less Than 12 Years of Age",94.746846525,derived_from_actual_public_protocol_metadata
FDA_1572_NCT04796896_p002,NCT04796896,clean,FDA_1572,db_sig_date,08/04/2022,08/04/2022,True,0.0,1.0,True,template coordinates + OCR + schema validation,,08/04/2022,95.964745,actual_public_protocol_metadata
FDA_1572_NCT04796896_p002,NCT04796896,rotation_1_5deg,FDA_1572,db_sig_date,08/04/2022,08/04/2022,True,0.0,1.0,True,template coordinates + OCR + schema validation,,08/04/2022,96.069145,actual_public_protocol_metadata
FDA_1572_NCT04796896_p002,NCT04796896,gaussian_blur,FDA_1572,db_sig_date,08/04/2022,08/04/2022,True,0.0,1.0,True,template coordinates + OCR + schema validation,,08/04/2022,96.699989,actual_public_protocol_metadata
FDA_1572_NCT04796896_p002,NCT04796896,gaussian_noise,FDA_1572,db_sig_date,08/04/2022,08/04/2022,True,0.0,1.0,True,template coordinates + OCR + schema validation,,08/04/2022,95.908691,actual_public_protocol_metadata
FDA_1572_NCT04796896_p002,NCT04796896,low_contrast,FDA_1572,db_sig_date,08/04/2022,08/04/2022,True,0.0,1.0,True,template coordinates + OCR + schema validation,,08/04/2022,95.829193,actual_public_protocol_metadata
FDA_1572_NCT04796896_p002,NCT04796896,directional_shadow,FDA_1572,db_sig_date,08/04/2022,08/04/2022,True,0.0,1.0,True,template coordinates + OCR + schema validation,,08/04/2022,95.868164,actual_public_protocol_metadata
FDA_1572_NCT04796896_p002,NCT04796896,jpeg_compression,FDA_1572,db_sig_date,08/04/2022,08/04/2022,True,0.0,1.0,True,template coordinates + OCR + schema validation,,08/04/2022,96.072945,actual_public_protocol_metadata
FDA_1572_NCT04796896_p002,NCT04796896,combined_moderate,FDA_1572,db_sig_date,08/04/2022,08/04/2022,True,0.0,1.0,True,template coordinates + OCR + schema validation,,08/04/2022,96.493729,actual_public_protocol_metadata
FDA_3454_NCT04796896_p001,NCT04796896,clean,FDA_3454,topmostSubform[0].Page1[0].Subform1[0].appName[0],Taylor Rivera,Taylor Rivera,True,0.0,1.0,True,template coordinates + OCR + schema validation,,Taylor Rivera,96.2990915,controlled_synthetic_test_value
FDA_3454_NCT04796896_p001,NCT04796896,clean,FDA_3454,topmostSubform[0].Page1[0].Subform1[0].appTitle[0],Clinical Compliance Manager,Clinical Compliance Manager,True,0.0,1.0,True,template coordinates + OCR + schema validation,,Clinical Compliance Manager,96.50009433333334,controlled_synthetic_test_value
FDA_3454_NCT04796896_p001,NCT04796896,clean,FDA_3454,topmostSubform[0].Page1[0].Subform1[0].appFirm[0],"ModernaTX, Inc.","ModernaTX, Inc.",True,0.0,1.0,True,template coordinates + OCR + schema validation,,"ModernaTlxX, Inc.",57.4513395,actual_public_protocol_metadata
FDA_3454_NCT04796896_p001,NCT04796896,clean,FDA_3454,topmostSubform[0].Page1[0].Subform1[0].appSigDate[0],08/04/2022,08/04/2022,True,0.0,1.0,True,template coordinates + OCR + schema validation,,08/04/2022,96.632263,actual_public_protocol_metadata
FDA_3454_NCT04796896_p001,NCT04796896,clean,FDA_3454,topmostSubform[0].Page1[0].Subform1[0].checkboxList[0].LI1[0].clinInvList[0].LI1[0].invName1[0],"Omar Rahman, MD","Omar Rahman, MD",True,0.0,1.0,True,template coordinates + OCR + schema validation,,"Omar Rahman, MD",95.90611799999999,controlled_synthetic_test_value
FDA_3454_NCT04796896_p001,NCT04796896,clean,FDA_3454,topmostSubform[0].Page1[0].Subform1[0].checkboxList[0].LI1[0].clinInvList[0].LI6[0].invName6[0],"Leila Hassan, MD","Leila Hassan, MD",True,0.0,1.0,True,template coordinates + OCR + schema validation,,"Leila Hassan, MD",95.77982566666667,controlled_synthetic_test_value
FDA_3454_NCT04796896_p001,NCT04796896,rotation_1_5deg,FDA_3454,topmostSubform[0].Page1[0].Subform1[0].appName[0],Taylor Rivera,Taylor Rivera,True,0.0,1.0,True,template coordinates + OCR + schema validation,,Taylor Rivera,96.520241,controlled_synthetic_test_value
FDA_3454_NCT04796896_p001,NCT04796896,rotation_1_5deg,FDA_3454,topmostSubform[0].Page1[0].Subform1[0].appTitle[0],Clinical Compliance Manager,Clinical Compliance Manager,True,0.0,1.0,True,template coordinates + OCR + schema validation,,Clinical Compliance Manager,96.45326733333336,controlled_synthetic_test_value
FDA_3454_NCT04796896_p001,NCT04796896,rotation_1_5deg,FDA_3454,topmostSubform[0].Page1[0].Subform1[0].appFirm[0],"ModernaTX, Inc.","ModernaTX, Inc.",True,0.0,1.0,True,template coordinates + OCR + schema validation,,"ModernalxX, Inc.",64.346611,actual_public_protocol_metadata
FDA_3454_NCT04796896_p001,NCT04796896,rotation_1_5deg,FDA_3454,topmostSubform[0].Page1[0].Subform1[0].appSigDate[0],08/04/2022,08/04/2022,True,0.0,1.0,True,template coordinates + OCR + schema validation,,08/04/2022,96.611931,actual_public_protocol_metadata
FDA_3454_NCT04796896_p001,NCT04796896,rotation_1_5deg,FDA_3454,topmostSubform[0].Page1[0].Subform1[0].checkboxList[0].LI1[0].clinInvList[0].LI1[0].invName1[0],"Omar Rahman, MD","Omar Rahman, MD",True,0.0,1.0,True,template coordinates + OCR + schema validation,,"Omar Rahman, MD",96.61679333333332,controlled_synthetic_test_value
FDA_3454_NCT04796896_p001,NCT04796896,rotation_1_5deg,FDA_3454,topmostSubform[0].Page1[0].Subform1[0].checkboxList[0].LI1[0].clinInvList[0].LI6[0].invName6[0],"Leila Hassan, MD","Leila Hassan, MD",True,0.0,1.0,True,template coordinates + OCR + schema validation,,"Leila Hassan, MD",95.66646833333334,controlled_synthetic_test_value
FDA_3454_NCT04796896_p001,NCT04796896,gaussian_blur,FDA_3454,topmostSubform[0].Page1[0].Subform1[0].appName[0],Taylor Rivera,Taylor Rivera,True,0.0,1.0,True,template coordinates + OCR + schema validation,,Taylor Rivera,96.34379200000001,controlled_synthetic_test_value
FDA_3454_NCT04796896_p001,NCT04796896,gaussian_blur,FDA_3454,topmostSubform[0].Page1[0].Subform1[0].appTitle[0],Clinical Compliance Manager,Clinical Compliance Manager,True,0.0,1.0,True,template coordinates + OCR + schema validation,,Clinical Compliance Manager,96.529513,controlled_synthetic_test_value
FDA_3454_NCT04796896_p001,NCT04796896,gaussian_blur,FDA_3454,topmostSubform[0].Page1[0].Subform1[0].appFirm[0],"ModernaTX, Inc.","ModernaTX, Inc.",True,0.0,1.0,True,template coordinates + OCR + schema validation,,"ModernaTX, Inc.",86.42599100000001,actual_public_protocol_metadata
FDA_3454_NCT04796896_p001,NCT04796896,gaussian_blur,FDA_3454,topmostSubform[0].Page1[0].Subform1[0].appSigDate[0],08/04/2022,08/04/2022,True,0.0,1.0,True,template coordinates + OCR + schema validation,,08/04/2022,96.300163,actual_public_protocol_metadata
FDA_3454_NCT04796896_p001,NCT04796896,gaussian_blur,FDA_3454,topmostSubform[0].Page1[0].Subform1[0].checkboxList[0].LI1[0].clinInvList[0].LI1[0].invName1[0],"Omar Rahman, MD","Omar Rahman, MD",True,0.0,1.0,True,template coordinates + OCR + schema validation,,"Omar Rahman, MD",96.17831433333333,controlled_synthetic_test_value
FDA_3454_NCT04796896_p001,NCT04796896,gaussian_blur,FDA_3454,topmostSubform[0].Page1[0].Subform1[0].checkboxList[0].LI1[0].clinInvList[0].LI6[0].invName6[0],"Leila Hassan, MD","Leila Hassan, MD",True,0.0,1.0,True,template coordinates + OCR + schema validation,,"Leila Hassan, MD",96.57089733333333,controlled_synthetic_test_value
FDA_3454_NCT04796896_p001,NCT04796896,gaussian_noise,FDA_3454,topmostSubform[0].Page1[0].Subform1[0].appName[0],Taylor Rivera,Taylor Rivera,True,0.0,1.0,True,template coordinates + OCR + schema validation,,Taylor Rivera,96.732742,controlled_synthetic_test_value
FDA_3454_NCT04796896_p001,NCT04796896,gaussian_noise,FDA_3454,topmostSubform[0].Page1[0].Subform1[0].appTitle[0],Clinical Compliance Manager,Clinical Compliance Manager,True,0.0,1.0,True,template coordinates + OCR + schema validation,,Clinical Compliance Manager,96.56231166666667,controlled_synthetic_test_value
FDA_3454_NCT04796896_p001,NCT04796896,gaussian_noise,FDA_3454,topmostSubform[0].Page1[0].Subform1[0].appFirm[0],"ModernaTX, Inc.","ModernaTX, Inc.",True,0.0,1.0,True,template coordinates + OCR + schema validation,,"ModernalX, Inc.",76.9852525,actual_public_protocol_metadata
FDA_3454_NCT04796896_p001,NCT04796896,gaussian_noise,FDA_3454,topmostSubform[0].Page1[0].Subform1[0].appSigDate[0],08/04/2022,08/04/2022,True,0.0,1.0,True,template coordinates + OCR + schema validation,,08/04/2022,96.68187,actual_public_protocol_metadata
FDA_3454_NCT04796896_p001,NCT04796896,gaussian_noise,FDA_3454,topmostSubform[0].Page1[0].Subform1[0].checkboxList[0].LI1[0].clinInvList[0].LI1[0].invName1[0],"Omar Rahman, MD","Omar Rahman, MD",True,0.0,1.0,True,template coordinates + OCR + schema validation,,"Omar Rahman, MD",96.12569166666667,controlled_synthetic_test_value
FDA_3454_NCT04796896_p001,NCT04796896,gaussian_noise,FDA_3454,topmostSubform[0].Page1[0].Subform1[0].checkboxList[0].LI1[0].clinInvList[0].LI6[0].invName6[0],"Leila Hassan, MD","Leila Hassan, MD",True,0.0,1.0,True,template coordinates + OCR + schema validation,,"Leila Hassan, MD",95.63047266666668,controlled_synthetic_test_value
FDA_3454_NCT04796896_p001,NCT04796896,low_contrast,FDA_3454,topmostSubform[0].Page1[0].Subform1[0].appName[0],Taylor Rivera,Taylor Rivera,True,0.0,1.0,True,template coordinates + OCR + schema validation,,Taylor Rivera,96.531475,controlled_synthetic_test_value
FDA_3454_NCT04796896_p001,NCT04796896,low_contrast,FDA_3454,topmostSubform[0].Page1[0].Subform1[0].appTitle[0],Clinical Compliance Manager,Clinical Compliance Manager,True,0.0,1.0,True,template coordinates + OCR + schema validation,,Clinical Compliance Manager,96.575948,controlled_synthetic_test_value
FDA_3454_NCT04796896_p001,NCT04796896,low_contrast,FDA_3454,topmostSubform[0].Page1[0].Subform1[0].appFirm[0],"ModernaTX, Inc.","ModernaTX, Inc.",True,0.0,1.0,True,template coordinates + OCR + schema validation,,"ModernalX, Inc.",77.69196149999999,actual_public_protocol_metadata
FDA_3454_NCT04796896_p001,NCT04796896,low_contrast,FDA_3454,topmostSubform[0].Page1[0].Subform1[0].appSigDate[0],08/04/2022,08/04/2022,True,0.0,1.0,True,template coordinates + OCR + schema validation,,08/04/2022,96.542259,actual_public_protocol_metadata
FDA_3454_NCT04796896_p001,NCT04796896,low_contrast,FDA_3454,topmostSubform[0].Page1[0].Subform1[0].checkboxList[0].LI1[0].clinInvList[0].LI1[0].invName1[0],"Omar Rahman, MD","Omar Rahman, MD",True,0.0,1.0,True,template coordinates + OCR + schema validation,,"Omar Rahman, MD",95.268906,controlled_synthetic_test_value
FDA_3454_NCT04796896_p001,NCT04796896,low_contrast,FDA_3454,topmostSubform[0].Page1[0].Subform1[0].checkboxList[0].LI1[0].clinInvList[0].LI6[0].invName6[0],"Leila Hassan, MD","Leila Hassan, MD",True,0.0,1.0,True,template coordinates + OCR + schema validation,,"Leila Hassan, MD",95.78018466666667,controlled_synthetic_test_value
FDA_3454_NCT04796896_p001,NCT04796896,directional_shadow,FDA_3454,topmostSubform[0].Page1[0].Subform1[0].appName[0],Taylor Rivera,Taylor Rivera,True,0.0,1.0,True,template coordinates + OCR + schema validation,,Taylor Rivera,96.109993,controlled_synthetic_test_value
FDA_3454_NCT04796896_p001,NCT04796896,directional_shadow,FDA_3454,topmostSubform[0].Page1[0].Subform1[0].appTitle[0],Clinical Compliance Manager,Clinical Compliance Manager,True,0.0,1.0,True,template coordinates + OCR + schema validation,,Clinical Compliance Manager,96.34193433333333,controlled_synthetic_test_value
FDA_3454_NCT04796896_p001,NCT04796896,directional_shadow,FDA_3454,topmostSubform[0].Page1[0].Subform1[0].appFirm[0],"ModernaTX, Inc.","ModernaTX, Inc.",True,0.0,1.0,True,template coordinates + OCR + schema validation,,"ModernaT x, Inc.",62.12591533333333,actual_public_protocol_metadata
FDA_3454_NCT04796896_p001,NCT04796896,directional_shadow,FDA_3454,topmostSubform[0].Page1[0].Subform1[0].appSigDate[0],08/04/2022,08/04/2022,True,0.0,1.0,True,template coordinates + OCR + schema validation,,08/04/2022,96.437378,actual_public_protocol_metadata
FDA_3454_NCT04796896_p001,NCT04796896,directional_shadow,FDA_3454,topmostSubform[0].Page1[0].Subform1[0].checkboxList[0].LI1[0].clinInvList[0].LI1[0].invName1[0],"Omar Rahman, MD","Omar Rahman, MD",True,0.0,1.0,True,template coordinates + OCR + schema validation,,"Omar Rahman, MD",96.41502633333334,controlled_synthetic_test_value
FDA_3454_NCT04796896_p001,NCT04796896,directional_shadow,FDA_3454,topmostSubform[0].Page1[0].Subform1[0].checkboxList[0].LI1[0].clinInvList[0].LI6[0].invName6[0],"Leila Hassan, MD","Leila Hassan, MD",True,0.0,1.0,True,template coordinates + OCR + schema validation,,"Leila Hassan, MD",95.61337533333334,controlled_synthetic_test_value
FDA_3454_NCT04796896_p001,NCT04796896,jpeg_compression,FDA_3454,topmostSubform[0].Page1[0].Subform1[0].appName[0],Taylor Rivera,Taylor Rivera,True,0.0,1.0,True,template coordinates + OCR + schema validation,,Taylor Rivera,96.12484,controlled_synthetic_test_value
FDA_3454_NCT04796896_p001,NCT04796896,jpeg_compression,FDA_3454,topmostSubform[0].Page1[0].Subform1[0].appTitle[0],Clinical Compliance Manager,Clinical Compliance Manager,True,0.0,1.0,True,template coordinates + OCR + schema validation,,Clinical Compliance Manager,96.39709466666666,controlled_synthetic_test_value
FDA_3454_NCT04796896_p001,NCT04796896,jpeg_compression,FDA_3454,topmostSubform[0].Page1[0].Subform1[0].appFirm[0],"ModernaTX, Inc.","ModernaTX, Inc.",True,0.0,1.0,True,template coordinates + OCR + schema validation,,"ModernaTlX, Inc.",65.2767675,actual_public_protocol_metadata
FDA_3454_NCT04796896_p001,NCT04796896,jpeg_compression,FDA_3454,topmostSubform[0].Page1[0].Subform1[0].appSigDate[0],08/04/2022,08/04/2022,True,0.0,1.0,True,template coordinates + OCR + schema validation,,08/04/2022,96.566231,actual_public_protocol_metadata
FDA_3454_NCT04796896_p001,NCT04796896,jpeg_compression,FDA_3454,topmostSubform[0].Page1[0].Subform1[0].checkboxList[0].LI1[0].clinInvList[0].LI1[0].invName1[0],"Omar Rahman, MD","Omar Rahman, MD",True,0.0,1.0,True,template coordinates + OCR + schema validation,,"Omar Rahman, MD",96.43850933333333,controlled_synthetic_test_value
FDA_3454_NCT04796896_p001,NCT04796896,jpeg_compression,FDA_3454,topmostSubform[0].Page1[0].Subform1[0].checkboxList[0].LI1[0].clinInvList[0].LI6[0].invName6[0],"Leila Hassan, MD","Leila Hassan, MD",True,0.0,1.0,True,template coordinates + OCR + schema validation,,"Leila Hassan, MD",95.89704400000001,controlled_synthetic_test_value
FDA_3454_NCT04796896_p001,NCT04796896,combined_moderate,FDA_3454,topmostSubform[0].Page1[0].Subform1[0].appName[0],Taylor Rivera,Taylor Rivera,True,0.0,1.0,True,template coordinates + OCR + schema validation,,Taylor Rivera,96.5342755,controlled_synthetic_test_value
FDA_3454_NCT04796896_p001,NCT04796896,combined_moderate,FDA_3454,topmostSubform[0].Page1[0].Subform1[0].appTitle[0],Clinical Compliance Manager,Clinical Compliance Manager,True,0.0,1.0,True,template coordinates + OCR + schema validation,,Clinical Compliance Manager,96.45549766666666,controlled_synthetic_test_value
FDA_3454_NCT04796896_p001,NCT04796896,combined_moderate,FDA_3454,topmostSubform[0].Page1[0].Subform1[0].appFirm[0],"ModernaTX, Inc.","ModernaTX, Inc.",True,0.0,1.0,True,template coordinates + OCR + schema validation,,"ModernaT xX, Inc.",70.20836633333333,actual_public_protocol_metadata
FDA_3454_NCT04796896_p001,NCT04796896,combined_moderate,FDA_3454,topmostSubform[0].Page1[0].Subform1[0].appSigDate[0],08/04/2022,08/04/2022,True,0.0,1.0,True,template coordinates + OCR + schema validation,,08/04/2022,96.741577,actual_public_protocol_metadata
FDA_3454_NCT04796896_p001,NCT04796896,combined_moderate,FDA_3454,topmostSubform[0].Page1[0].Subform1[0].checkboxList[0].LI1[0].clinInvList[0].LI1[0].invName1[0],"Omar Rahman, MD","Omar Rahman, MD",True,0.0,1.0,True,template coordinates + OCR + schema validation,,"Omar Rahman, MD",95.953845,controlled_synthetic_test_value
FDA_3454_NCT04796896_p001,NCT04796896,combined_moderate,FDA_3454,topmostSubform[0].Page1[0].Subform1[0].checkboxList[0].LI1[0].clinInvList[0].LI6[0].invName6[0],"Leila Hassan, MD","Leila Hassan, MD",True,0.0,1.0,True,template coordinates + OCR + schema validation,,"Leila Hassan, MD",96.20975766666668,controlled_synthetic_test_value
FDA_3455_NCT04796896_p001,NCT04796896,clean,FDA_3455,topmostSubform[0].Page1[0].invesname[0],"Omar Rahman, MD","Omar Rahman, MD",True,0.0,1.0,True,template coordinates + OCR + schema validation,,"Omar Rahman, MD",96.47189333333334,controlled_synthetic_test_value
FDA_3455_NCT04796896_p001,NCT04796896,clean,FDA_3455,topmostSubform[0].Page1[0].nameofstudy[0],mRNA-1273-P204: Phase 2/3 Pediatric Vaccine Study,MRNA-1273-P204: Phase 2/3 Pediatric Vaccine Study,True,0.0,1.0,True,template coordinates + OCR + schema validation,,MRNA-1273-P204: Phase 2/3 Pediatric Vaccine Study,90.07656916666667,derived_from_actual_public_protocol_metadata
FDA_3455_NCT04796896_p001,NCT04796896,clean,FDA_3455,topmostSubform[0].Page1[0].nameofstudy2[0],Children 6 Months to Less Than 12 Years (NCT04796896),Children 6 Months to Less Than 12 Years (NCT04796896),True,0.0,1.0,True,template coordinates + OCR + schema validation,,Children 6 Months to Less Than 12 Years (NCT04796896),95.40308377777778,derived_from_actual_public_protocol_metadata
FDA_3455_NCT04796896_p001,NCT04796896,clean,FDA_3455,topmostSubform[0].Page1[0].appFirm[0],"ModernaTX, Inc.","ModernaTX, Inc.",True,0.0,1.0,True,template coordinates + OCR + schema validation,,"ModernaTX, Inc.",58.1266405,actual_public_protocol_metadata
FDA_3455_NCT04796896_p001,NCT04796896,clean,FDA_3455,topmostSubform[0].Page1[0].appSigDate[0],08/04/2022,08/04/2022,True,0.0,1.0,True,template coordinates + OCR + schema validation,,08/04/2022,96.503136,actual_public_protocol_metadata
FDA_3455_NCT04796896_p001,NCT04796896,rotation_1_5deg,FDA_3455,topmostSubform[0].Page1[0].invesname[0],"Omar Rahman, MD","Omar Rahman, MD",True,0.0,1.0,True,template coordinates + OCR + schema validation,,"Omar Rahman, MD",96.409935,controlled_synthetic_test_value
FDA_3455_NCT04796896_p001,NCT04796896,rotation_1_5deg,FDA_3455,topmostSubform[0].Page1[0].nameofstudy[0],mRNA-1273-P204: Phase 2/3 Pediatric Vaccine Study,mRNA-1273-P204: Phase 2/3 Pediatric Vaccine Study,True,0.0,1.0,True,template coordinates + OCR + schema validation,,mMRNA-1273-P204: Phase 2/3 Pediatric Vaccine Study,87.76127100000001,derived_from_actual_public_protocol_metadata
FDA_3455_NCT04796896_p001,NCT04796896,rotation_1_5deg,FDA_3455,topmostSubform[0].Page1[0].nameofstudy2[0],Children 6 Months to Less Than 12 Years (NCT04796896),Children 6 Months to Less Than 12 Years (NCT04796896),True,0.0,1.0,True,template coordinates + OCR + schema validation,,Children 6 Months to Less Than 12 Years (NCT04796896),95.46785888888888,derived_from_actual_public_protocol_metadata
FDA_3455_NCT04796896_p001,NCT04796896,rotation_1_5deg,FDA_3455,topmostSubform[0].Page1[0].appFirm[0],"ModernaTX, Inc.","ModernaTX, Inc.",True,0.0,1.0,True,template coordinates + OCR + schema validation,,"ModernalX, Inc.",72.3328055,actual_public_protocol_metadata
FDA_3455_NCT04796896_p001,NCT04796896,rotation_1_5deg,FDA_3455,topmostSubform[0].Page1[0].appSigDate[0],08/04/2022,08/04/2022,True,0.0,1.0,True,template coordinates + OCR + schema validation,,08/04/2022,96.59227,actual_public_protocol_metadata
FDA_3455_NCT04796896_p001,NCT04796896,gaussian_blur,FDA_3455,topmostSubform[0].Page1[0].invesname[0],"Omar Rahman, MD","Omar Rahman, MD",True,0.0,1.0,True,template coordinates + OCR + schema validation,,"Omar Rahman, MD",96.27176933333334,controlled_synthetic_test_value
FDA_3455_NCT04796896_p001,NCT04796896,gaussian_blur,FDA_3455,topmostSubform[0].Page1[0].nameofstudy[0],mRNA-1273-P204: Phase 2/3 Pediatric Vaccine Study,mRNA-1273-P204: Phase 2/3 Pediatric Vaccine Study,True,0.0,1.0,True,template coordinates + OCR + schema validation,,mRNA-1273-P204: Phase 2/3 Pediatric Vaccine Study,95.75893666666667,derived_from_actual_public_protocol_metadata
FDA_3455_NCT04796896_p001,NCT04796896,gaussian_blur,FDA_3455,topmostSubform[0].Page1[0].nameofstudy2[0],Children 6 Months to Less Than 12 Years (NCT04796896),Children 6 Months to Less Than 12 Years (NCT04796896),True,0.0,1.0,True,template coordinates + OCR + schema validation,,Children 6 Months to Less Than 12 Years (NCT04796896),95.3154271111111,derived_from_actual_public_protocol_metadata
FDA_3455_NCT04796896_p001,NCT04796896,gaussian_blur,FDA_3455,topmostSubform[0].Page1[0].appFirm[0],"ModernaTX, Inc.","ModernaTX, Inc.",True,0.0,1.0,True,template coordinates + OCR + schema validation,,"ModernaTX, Inc.",89.126812,actual_public_protocol_metadata
FDA_3455_NCT04796896_p001,NCT04796896,gaussian_blur,FDA_3455,topmostSubform[0].Page1[0].appSigDate[0],08/04/2022,08/04/2022,True,0.0,1.0,True,template coordinates + OCR + schema validation,,08/04/2022,96.777565,actual_public_protocol_metadata
FDA_3455_NCT04796896_p001,NCT04796896,gaussian_noise,FDA_3455,topmostSubform[0].Page1[0].invesname[0],"Omar Rahman, MD","Omar Rahman, MD",True,0.0,1.0,True,template coordinates + OCR + schema validation,,"Omar Rahman, MD",96.29533633333334,controlled_synthetic_test_value
FDA_3455_NCT04796896_p001,NCT04796896,gaussian_noise,FDA_3455,topmostSubform[0].Page1[0].nameofstudy[0],mRNA-1273-P204: Phase 2/3 Pediatric Vaccine Study,mRNA-1273-P204: Phase 2/3 Pediatric Vaccine Study,True,0.0,1.0,True,template coordinates + OCR + schema validation,,mMRNA-1273-P204: Phase 2/3 Pediatric Vaccine Study,91.18304433333333,derived_from_actual_public_protocol_metadata
FDA_3455_NCT04796896_p001,NCT04796896,gaussian_noise,FDA_3455,topmostSubform[0].Page1[0].nameofstudy2[0],Children 6 Months to Less Than 12 Years (NCT04796896),Children 6 Months to Less Than 12 Years (NCT04796896),True,0.0,1.0,True,template coordinates + OCR + schema validation,,Children 6 Months to Less Than 12 Years (NCT04796896),95.633501,derived_from_actual_public_protocol_metadata
FDA_3455_NCT04796896_p001,NCT04796896,gaussian_noise,FDA_3455,topmostSubform[0].Page1[0].appFirm[0],"ModernaTX, Inc.","ModernaTX, Inc.",True,0.0,1.0,True,template coordinates + OCR + schema validation,,"ModernalX, Inc.",63.752990499999996,actual_public_protocol_metadata
FDA_3455_NCT04796896_p001,NCT04796896,gaussian_noise,FDA_3455,topmostSubform[0].Page1[0].appSigDate[0],08/04/2022,08/04/2022,True,0.0,1.0,True,template coordinates + OCR + schema validation,,08/04/2022,96.730247,actual_public_protocol_metadata
FDA_3455_NCT04796896_p001,NCT04796896,low_contrast,FDA_3455,topmostSubform[0].Page1[0].invesname[0],"Omar Rahman, MD","Omar Rahman, MD",True,0.0,1.0,True,template coordinates + OCR + schema validation,,"Omar Rahman, MD",96.29863233333333,controlled_synthetic_test_value
FDA_3455_NCT04796896_p001,NCT04796896,low_contrast,FDA_3455,topmostSubform[0].Page1[0].nameofstudy[0],mRNA-1273-P204: Phase 2/3 Pediatric Vaccine Study,mRNA-1273-P204: Phase 2/3 Pediatric Vaccine Study,True,0.0,1.0,True,template coordinates + OCR + schema validation,,mMRNA-1273-P204: Phase 2/3 Pediatric Vaccine Study,89.778368,derived_from_actual_public_protocol_metadata
FDA_3455_NCT04796896_p001,NCT04796896,low_contrast,FDA_3455,topmostSubform[0].Page1[0].nameofstudy2[0],Children 6 Months to Less Than 12 Years (NCT04796896),Children 6 Months to Less Than 12 Years (NCT04796896),True,0.0,1.0,True,template coordinates + OCR + schema validation,,Children 6 Months to Less Than 12 Years (NCT04796896),95.24259355555556,derived_from_actual_public_protocol_metadata
FDA_3455_NCT04796896_p001,NCT04796896,low_contrast,FDA_3455,topmostSubform[0].Page1[0].appFirm[0],"ModernaTX, Inc.","ModernaTX, Inc.",True,0.0,1.0,True,template coordinates + OCR + schema validation,,"ModernaTX, Inc.",63.461498,actual_public_protocol_metadata
FDA_3455_NCT04796896_p001,NCT04796896,low_contrast,FDA_3455,topmostSubform[0].Page1[0].appSigDate[0],08/04/2022,08/04/2022,True,0.0,1.0,True,template coordinates + OCR + schema validation,,08/04/2022,96.22348,actual_public_protocol_metadata
FDA_3455_NCT04796896_p001,NCT04796896,directional_shadow,FDA_3455,topmostSubform[0].Page1[0].invesname[0],"Omar Rahman, MD","Omar Rahman, MD",True,0.0,1.0,True,template coordinates + OCR + schema validation,,"Omar Rahman, MD",96.45124566666665,controlled_synthetic_test_value
FDA_3455_NCT04796896_p001,NCT04796896,directional_shadow,FDA_3455,topmostSubform[0].Page1[0].nameofstudy[0],mRNA-1273-P204: Phase 2/3 Pediatric Vaccine Study,mRNA-1273-P204: Phase 2/3 Pediatric Vaccine Study,True,0.0,1.0,True,template coordinates + OCR + schema validation,,mRNA-1273-P204: Phase 2/3 Pediatric Vaccine Study,94.54929633333332,derived_from_actual_public_protocol_metadata
FDA_3455_NCT04796896_p001,NCT04796896,directional_shadow,FDA_3455,topmostSubform[0].Page1[0].nameofstudy2[0],Children 6 Months to Less Than 12 Years (NCT04796896),Children 6 Months to Less Than 12 Years (NCT04796896),True,0.0,1.0,True,template coordinates + OCR + schema validation,,Children 6 Months to Less Than 12 Years (NCT04796896),95.10419644444444,derived_from_actual_public_protocol_metadata
FDA_3455_NCT04796896_p001,NCT04796896,directional_shadow,FDA_3455,topmostSubform[0].Page1[0].appFirm[0],"ModernaTX, Inc.",,False,1.0,0.0,True,template coordinates + OCR + schema validation,,,0.0,actual_public_protocol_metadata
FDA_3455_NCT04796896_p001,NCT04796896,directional_shadow,FDA_3455,topmostSubform[0].Page1[0].appSigDate[0],08/04/2022,08/04/2022,True,0.0,1.0,True,template coordinates + OCR + schema validation,,08/04/2022,96.171524,actual_public_protocol_metadata
FDA_3455_NCT04796896_p001,NCT04796896,jpeg_compression,FDA_3455,topmostSubform[0].Page1[0].invesname[0],"Omar Rahman, MD","Omar Rahman, MD",True,0.0,1.0,True,template coordinates + OCR + schema validation,,"Omar Rahman, MD",96.20526633333333,controlled_synthetic_test_value
FDA_3455_NCT04796896_p001,NCT04796896,jpeg_compression,FDA_3455,topmostSubform[0].Page1[0].nameofstudy[0],mRNA-1273-P204: Phase 2/3 Pediatric Vaccine Study,mRNA-1273-P204: Phase 2/3 Pediatric Vaccine Study,True,0.0,1.0,True,template coordinates + OCR + schema validation,,mMRNA-1273-P204: Phase 2/3 Pediatric Vaccine Study,84.651104,derived_from_actual_public_protocol_metadata
FDA_3455_NCT04796896_p001,NCT04796896,jpeg_compression,FDA_3455,topmostSubform[0].Page1[0].nameofstudy2[0],Children 6 Months to Less Than 12 Years (NCT04796896),Children 6 Months to Less Than 12 Years (NCT04796896),True,0.0,1.0,True,template coordinates + OCR + schema validation,,Children 6 Months to Less Than 12 Years (NCT04796896),95.43750844444445,derived_from_actual_public_protocol_metadata
FDA_3455_NCT04796896_p001,NCT04796896,jpeg_compression,FDA_3455,topmostSubform[0].Page1[0].appFirm[0],"ModernaTX, Inc.","ModernaTX, Inc.",True,0.0,1.0,True,template coordinates + OCR + schema validation,,"ModernaTX, Inc.",72.5751705,actual_public_protocol_metadata
FDA_3455_NCT04796896_p001,NCT04796896,jpeg_compression,FDA_3455,topmostSubform[0].Page1[0].appSigDate[0],08/04/2022,08/04/2022,True,0.0,1.0,True,template coordinates + OCR + schema validation,,08/04/2022,96.395149,actual_public_protocol_metadata
FDA_3455_NCT04796896_p001,NCT04796896,combined_moderate,FDA_3455,topmostSubform[0].Page1[0].invesname[0],"Omar Rahman, MD","Omar Rahman, MD",True,0.0,1.0,True,template coordinates + OCR + schema validation,,"Omar Rahman, MD",96.33545933333333,controlled_synthetic_test_value
FDA_3455_NCT04796896_p001,NCT04796896,combined_moderate,FDA_3455,topmostSubform[0].Page1[0].nameofstudy[0],mRNA-1273-P204: Phase 2/3 Pediatric Vaccine Study,mRNA-1273-P204: Phase 2/3 Pediatric Vaccine Study,True,0.0,1.0,True,template coordinates + OCR + schema validation,,mRNA-1273-P204: Phase 2/3 Pediatric Vaccine Study,94.41137199999999,derived_from_actual_public_protocol_metadata
FDA_3455_NCT04796896_p001,NCT04796896,combined_moderate,FDA_3455,topmostSubform[0].Page1[0].nameofstudy2[0],Children 6 Months to Less Than 12 Years (NCT04796896),Children 6 Months to. Less Than 12 Years (NCT04796896),True,0.0,1.0,True,template coordinates + OCR + schema validation,,Children 6 Months to. Less Than 12 Years (NCT04796896),85.82932622222222,derived_from_actual_public_protocol_metadata
FDA_3455_NCT04796896_p001,NCT04796896,combined_moderate,FDA_3455,topmostSubform[0].Page1[0].appFirm[0],"ModernaTX, Inc.","* : : 7) i 5 BY SPS = 5 aa CAPS EAS Vani oe ey Py, : > ""X. Inc : La ‘ 3S... Pye eo ea eee ene eM tr :y ae a ens PN le pees = . INC. y Pipsa ee ere. sf So rm fs v4 ls WP) ee tno Ofte Te =a - —"" A »* we 2 RAP Sites. ie SAB es SODAS WR 7 Bee Saale rae fa} , + Ve : !",False,11.833333333333334,0.0,True,template coordinates + OCR + schema validation,,"* : : 7) i 5 BY SPS = 5 aa CAPS EAS Vani oe ey Py, :
> ""X. Inc : La ‘ 3S... Pye eo ea eee ene eM tr :y ae a ens PN le pees = .
INC. y Pipsa ee ere. sf So rm fs v4 ls WP) ee tno Ofte Te =a - —"" A »*
we 2 RAP Sites. ie SAB es SODAS WR 7 Bee Saale rae fa} , + Ve : !",28.34986538271605,actual_public_protocol_metadata
FDA_3455_NCT04796896_p001,NCT04796896,combined_moderate,FDA_3455,topmostSubform[0].Page1[0].appSigDate[0],08/04/2022,08/04/2022,True,0.0,1.0,True,template coordinates + OCR + schema validation,,08/04/2022,96.643509,actual_public_protocol_metadata
